,0
0,goat
1,car
2,car
3,goat
4,car
5,goat
6,car
7,car
8,goat
9,car
10,car
11,car
12,car
13,car
14,car
15,car
16,car
17,goat
18,goat
19,car
20,car
21,car
22,car
23,car
24,car
25,car
26,car
27,car
28,car
29,car
30,car
31,car
32,car
33,car
34,goat
35,goat
36,car
37,goat
38,car
39,car
40,car
41,car
42,car
43,car
44,car
45,car
46,car
47,car
48,goat
49,goat
50,car
51,car
52,car
53,car
54,goat
55,goat
56,car
57,car
58,car
59,car
60,car
61,car
62,car
63,goat
64,goat
65,car
66,car
67,car
68,car
69,goat
70,car
71,car
72,car
73,car
74,car
75,car
76,car
77,car
78,car
79,car
80,goat
81,goat
82,car
83,goat
84,goat
85,car
86,car
87,goat
88,car
89,goat
90,goat
91,car
92,goat
93,car
94,car
95,goat
96,car
97,goat
98,car
99,goat
100,car
101,car
102,car
103,car
104,car
105,goat
106,car
107,car
108,car
109,goat
110,goat
111,car
112,car
113,car
114,car
115,car
116,car
117,car
118,car
119,car
120,goat
121,goat
122,car
123,car
124,car
125,car
126,goat
127,car
128,car
129,car
130,car
131,goat
132,car
133,car
134,goat
135,goat
136,car
137,car
138,car
139,car
140,car
141,goat
142,car
143,car
144,goat
145,car
146,car
147,car
148,goat
149,car
150,car
151,car
152,goat
153,goat
154,goat
155,goat
156,car
157,goat
158,goat
159,goat
160,car
161,car
162,goat
163,car
164,car
165,car
166,car
167,goat
168,car
169,car
170,car
171,car
172,goat
173,goat
174,car
175,car
176,car
177,car
178,goat
179,car
180,car
181,car
182,car
183,car
184,goat
185,car
186,goat
187,car
188,car
189,car
190,goat
191,car
192,car
193,car
194,goat
195,car
196,car
197,goat
198,goat
199,car
200,car
201,car
202,goat
203,car
204,car
205,car
206,car
207,car
208,car
209,car
210,car
211,goat
212,car
213,car
214,car
215,goat
216,car
217,car
218,goat
219,car
220,car
221,car
222,car
223,car
224,car
225,goat
226,goat
227,car
228,car
229,goat
230,car
231,car
232,goat
233,goat
234,goat
235,car
236,car
237,car
238,goat
239,car
240,car
241,goat
242,car
243,goat
244,car
245,goat
246,car
247,car
248,car
249,car
250,car
251,car
252,car
253,goat
254,goat
255,car
256,car
257,car
258,car
259,car
260,car
261,car
262,car
263,car
264,goat
265,car
266,car
267,car
268,car
269,car
270,car
271,car
272,car
273,car
274,car
275,car
276,car
277,car
278,car
279,car
280,car
281,goat
282,goat
283,car
284,car
285,goat
286,goat
287,car
288,car
289,car
290,car
291,goat
292,car
293,car
294,goat
295,car
296,goat
297,goat
298,goat
299,car
300,car
301,goat
302,car
303,car
304,car
305,car
306,car
307,car
308,car
309,car
310,car
311,car
312,goat
313,goat
314,car
315,car
316,car
317,goat
318,car
319,goat
320,car
321,goat
322,goat
323,goat
324,car
325,car
326,goat
327,goat
328,car
329,car
330,goat
331,car
332,car
333,car
334,goat
335,goat
336,car
337,car
338,car
339,car
340,car
341,car
342,goat
343,goat
344,goat
345,car
346,car
347,car
348,goat
349,car
350,car
351,car
352,car
353,car
354,car
355,car
356,car
357,goat
358,car
359,car
360,car
361,car
362,car
363,goat
364,goat
365,car
366,goat
367,car
368,car
369,car
370,goat
371,goat
372,car
373,goat
374,car
375,car
376,car
377,car
378,car
379,car
380,car
381,goat
382,goat
383,car
384,car
385,car
386,car
387,goat
388,car
389,car
390,car
391,goat
392,goat
393,car
394,car
395,goat
396,car
397,car
398,car
399,car
400,car
401,car
402,car
403,goat
404,car
405,car
406,goat
407,car
408,car
409,car
410,car
411,goat
412,car
413,car
414,goat
415,goat
416,car
417,goat
418,car
419,car
420,car
421,goat
422,goat
423,car
424,car
425,car
426,car
427,car
428,car
429,car
430,car
431,car
432,goat
433,car
434,goat
435,goat
436,goat
437,car
438,car
439,goat
440,car
441,car
442,car
443,goat
444,car
445,goat
446,goat
447,goat
448,car
449,car
450,car
451,goat
452,car
453,goat
454,goat
455,car
456,goat
457,car
458,goat
459,goat
460,goat
461,car
462,car
463,goat
464,car
465,car
466,car
467,car
468,car
469,goat
470,car
471,goat
472,car
473,car
474,car
475,car
476,goat
477,car
478,car
479,goat
480,car
481,goat
482,goat
483,car
484,car
485,car
486,goat
487,goat
488,goat
489,car
490,car
491,goat
492,car
493,car
494,goat
495,goat
496,car
497,goat
498,car
499,car
500,goat
501,goat
502,car
503,car
504,car
505,car
506,car
507,car
508,car
509,car
510,car
511,goat
512,goat
513,goat
514,goat
515,goat
516,goat
517,car
518,car
519,goat
520,goat
521,car
522,car
523,goat
524,car
525,goat
526,car
527,goat
528,goat
529,goat
530,car
531,goat
532,car
533,car
534,car
535,goat
536,car
537,car
538,car
539,car
540,car
541,goat
542,goat
543,goat
544,goat
545,car
546,goat
547,car
548,goat
549,car
550,car
551,car
552,goat
553,goat
554,car
555,goat
556,car
557,car
558,car
559,car
560,car
561,goat
562,goat
563,goat
564,goat
565,car
566,car
567,car
568,car
569,goat
570,car
571,car
572,car
573,car
574,car
575,car
576,car
577,goat
578,car
579,car
580,car
581,goat
582,car
583,car
584,car
585,car
586,car
587,goat
588,car
589,goat
590,car
591,goat
592,car
593,car
594,car
595,goat
596,goat
597,car
598,car
599,car
600,goat
601,goat
602,car
603,car
604,car
605,car
606,car
607,goat
608,goat
609,car
610,car
611,car
612,car
613,car
614,car
615,car
616,goat
617,goat
618,car
619,goat
620,car
621,car
622,car
623,car
624,car
625,goat
626,goat
627,car
628,car
629,car
630,car
631,car
632,goat
633,car
634,car
635,car
636,goat
637,car
638,car
639,car
640,car
641,car
642,car
643,car
644,car
645,car
646,goat
647,car
648,goat
649,goat
650,goat
651,goat
652,car
653,goat
654,goat
655,car
656,car
657,car
658,goat
659,goat
660,goat
661,car
662,goat
663,goat
664,car
665,goat
666,car
667,car
668,goat
669,car
670,car
671,car
672,goat
673,car
674,goat
675,goat
676,car
677,car
678,car
679,car
680,car
681,car
682,car
683,goat
684,car
685,car
686,goat
687,goat
688,goat
689,car
690,car
691,car
692,car
693,car
694,car
695,goat
696,goat
697,goat
698,car
699,car
700,car
701,goat
702,car
703,goat
704,goat
705,goat
706,goat
707,goat
708,goat
709,car
710,car
711,goat
712,car
713,car
714,car
715,goat
716,car
717,car
718,car
719,goat
720,goat
721,car
722,car
723,car
724,goat
725,goat
726,car
727,car
728,car
729,car
730,car
731,car
732,car
733,car
734,goat
735,car
736,goat
737,car
738,goat
739,car
740,car
741,car
742,car
743,goat
744,car
745,car
746,car
747,car
748,car
749,goat
750,car
751,car
752,goat
753,goat
754,car
755,car
756,car
757,car
758,goat
759,goat
760,goat
761,car
762,car
763,car
764,car
765,goat
766,car
767,car
768,car
769,car
770,car
771,car
772,car
773,car
774,car
775,goat
776,car
777,goat
778,goat
779,goat
780,car
781,goat
782,goat
783,car
784,goat
785,goat
786,goat
787,car
788,goat
789,goat
790,car
791,goat
792,goat
793,car
794,car
795,car
796,goat
797,car
798,car
799,goat
800,goat
801,goat
802,goat
803,goat
804,car
805,goat
806,goat
807,car
808,car
809,goat
810,car
811,car
812,car
813,car
814,car
815,goat
816,car
817,goat
818,car
819,car
820,goat
821,car
822,goat
823,car
824,car
825,car
826,car
827,car
828,car
829,car
830,goat
831,car
832,car
833,car
834,car
835,goat
836,goat
837,car
838,car
839,goat
840,car
841,car
842,car
843,goat
844,goat
845,car
846,car
847,car
848,goat
849,car
850,goat
851,goat
852,car
853,goat
854,car
855,car
856,car
857,goat
858,car
859,car
860,goat
861,car
862,car
863,car
864,car
865,car
866,car
867,car
868,goat
869,goat
870,car
871,car
872,car
873,goat
874,car
875,car
876,goat
877,goat
878,car
879,goat
880,goat
881,car
882,car
883,goat
884,goat
885,car
886,goat
887,car
888,car
889,car
890,goat
891,car
892,goat
893,goat
894,car
895,car
896,car
897,goat
898,goat
899,car
900,car
901,car
902,car
903,car
904,goat
905,car
906,goat
907,car
908,car
909,car
910,car
911,car
912,car
913,car
914,car
915,goat
916,car
917,car
918,car
919,car
920,goat
921,car
922,car
923,car
924,car
925,car
926,goat
927,car
928,car
929,car
930,goat
931,car
932,car
933,car
934,car
935,goat
936,goat
937,goat
938,car
939,goat
940,car
941,car
942,car
943,car
944,goat
945,car
946,goat
947,goat
948,goat
949,goat
950,goat
951,car
952,goat
953,goat
954,goat
955,car
956,car
957,goat
958,goat
959,goat
960,goat
961,car
962,car
963,goat
964,car
965,car
966,car
967,car
968,goat
969,car
970,goat
971,car
972,car
973,car
974,goat
975,car
976,car
977,car
978,car
979,goat
980,car
981,goat
982,car
983,car
984,car
985,car
986,goat
987,goat
988,car
989,car
990,car
991,goat
992,car
993,car
994,goat
995,car
996,car
997,car
998,car
999,car
1000,car
1001,car
1002,goat
1003,car
1004,car
1005,goat
1006,car
1007,goat
1008,car
1009,goat
1010,goat
1011,goat
1012,goat
1013,car
1014,goat
1015,car
1016,goat
1017,car
1018,car
1019,car
1020,goat
1021,car
1022,car
1023,car
1024,car
1025,goat
1026,goat
1027,goat
1028,car
1029,car
1030,car
1031,car
1032,car
1033,car
1034,car
1035,car
1036,car
1037,car
1038,goat
1039,car
1040,car
1041,goat
1042,goat
1043,car
1044,car
1045,car
1046,car
1047,goat
1048,car
1049,car
1050,car
1051,car
1052,car
1053,goat
1054,car
1055,goat
1056,goat
1057,car
1058,car
1059,car
1060,car
1061,car
1062,goat
1063,goat
1064,car
1065,car
1066,car
1067,goat
1068,car
1069,car
1070,goat
1071,car
1072,car
1073,car
1074,car
1075,goat
1076,car
1077,car
1078,car
1079,car
1080,car
1081,car
1082,goat
1083,goat
1084,car
1085,car
1086,car
1087,goat
1088,car
1089,car
1090,car
1091,goat
1092,car
1093,goat
1094,car
1095,car
1096,goat
1097,car
1098,car
1099,goat
1100,car
1101,car
1102,car
1103,goat
1104,car
1105,car
1106,car
1107,goat
1108,goat
1109,goat
1110,car
1111,car
1112,car
1113,car
1114,car
1115,car
1116,car
1117,car
1118,car
1119,car
1120,goat
1121,car
1122,car
1123,car
1124,car
1125,goat
1126,car
1127,goat
1128,goat
1129,car
1130,car
1131,goat
1132,goat
1133,goat
1134,goat
1135,car
1136,goat
1137,car
1138,goat
1139,car
1140,car
1141,goat
1142,goat
1143,car
1144,goat
1145,goat
1146,goat
1147,car
1148,goat
1149,goat
1150,car
1151,car
1152,car
1153,goat
1154,car
1155,car
1156,goat
1157,car
1158,car
1159,car
1160,car
1161,goat
1162,car
1163,car
1164,car
1165,goat
1166,car
1167,car
1168,car
1169,car
1170,car
1171,car
1172,car
1173,car
1174,goat
1175,goat
1176,car
1177,car
1178,car
1179,car
1180,goat
1181,car
1182,car
1183,car
1184,car
1185,car
1186,car
1187,car
1188,car
1189,car
1190,goat
1191,car
1192,car
1193,car
1194,car
1195,car
1196,car
1197,car
1198,goat
1199,goat
1200,car
1201,goat
1202,car
1203,car
1204,car
1205,goat
1206,goat
1207,goat
1208,goat
1209,goat
1210,goat
1211,car
1212,car
1213,goat
1214,car
1215,car
1216,goat
1217,goat
1218,goat
1219,goat
1220,car
1221,car
1222,car
1223,car
1224,goat
1225,goat
1226,goat
1227,goat
1228,car
1229,goat
1230,car
1231,car
1232,car
1233,car
1234,car
1235,goat
1236,goat
1237,car
1238,car
1239,car
1240,car
1241,car
1242,car
1243,car
1244,car
1245,car
1246,car
1247,car
1248,goat
1249,car
1250,goat
1251,car
1252,car
1253,car
1254,car
1255,car
1256,goat
1257,goat
1258,car
1259,car
1260,car
1261,car
1262,car
1263,car
1264,car
1265,car
1266,car
1267,car
1268,goat
1269,goat
1270,car
1271,car
1272,goat
1273,car
1274,car
1275,goat
1276,car
1277,car
1278,goat
1279,car
1280,car
1281,car
1282,car
1283,car
1284,goat
1285,car
1286,goat
1287,car
1288,goat
1289,car
1290,goat
1291,car
1292,goat
1293,car
1294,car
1295,goat
1296,goat
1297,car
1298,goat
1299,car
1300,car
1301,car
1302,goat
1303,car
1304,car
1305,car
1306,car
1307,car
1308,car
1309,car
1310,goat
1311,car
1312,car
1313,goat
1314,goat
1315,car
1316,car
1317,car
1318,goat
1319,car
1320,goat
1321,car
1322,car
1323,car
1324,goat
1325,car
1326,car
1327,car
1328,car
1329,goat
1330,car
1331,car
1332,car
1333,car
1334,goat
1335,goat
1336,car
1337,car
1338,car
1339,car
1340,goat
1341,goat
1342,goat
1343,car
1344,car
1345,goat
1346,car
1347,car
1348,goat
1349,car
1350,car
1351,goat
1352,car
1353,car
1354,car
1355,car
1356,car
1357,car
1358,car
1359,car
1360,car
1361,car
1362,goat
1363,goat
1364,car
1365,car
1366,goat
1367,goat
1368,car
1369,car
1370,goat
1371,car
1372,car
1373,car
1374,goat
1375,car
1376,goat
1377,goat
1378,car
1379,car
1380,goat
1381,car
1382,goat
1383,goat
1384,car
1385,car
1386,car
1387,car
1388,car
1389,car
1390,car
1391,car
1392,car
1393,goat
1394,goat
1395,car
1396,car
1397,car
1398,car
1399,car
1400,goat
1401,goat
1402,goat
1403,car
1404,car
1405,goat
1406,goat
1407,car
1408,goat
1409,car
1410,car
1411,car
1412,car
1413,goat
1414,goat
1415,goat
1416,goat
1417,car
1418,goat
1419,car
1420,car
1421,goat
1422,car
1423,car
1424,goat
1425,car
1426,car
1427,car
1428,car
1429,car
1430,car
1431,car
1432,goat
1433,car
1434,goat
1435,goat
1436,goat
1437,car
1438,car
1439,car
1440,car
1441,car
1442,car
1443,car
1444,car
1445,goat
1446,goat
1447,car
1448,goat
1449,car
1450,goat
1451,car
1452,car
1453,goat
1454,car
1455,car
1456,goat
1457,car
1458,car
1459,car
1460,car
1461,car
1462,car
1463,car
1464,goat
1465,car
1466,car
1467,car
1468,car
1469,goat
1470,car
1471,car
1472,goat
1473,goat
1474,goat
1475,car
1476,goat
1477,car
1478,car
1479,goat
1480,car
1481,car
1482,car
1483,car
1484,goat
1485,car
1486,car
1487,goat
1488,goat
1489,car
1490,car
1491,goat
1492,car
1493,car
1494,car
1495,car
1496,car
1497,car
1498,goat
1499,car
1500,goat
1501,goat
1502,goat
1503,car
1504,goat
1505,car
1506,car
1507,goat
1508,goat
1509,car
1510,goat
1511,car
1512,car
1513,car
1514,goat
1515,car
1516,car
1517,car
1518,goat
1519,car
1520,car
1521,car
1522,car
1523,goat
1524,car
1525,car
1526,goat
1527,car
1528,car
1529,car
1530,car
1531,goat
1532,goat
1533,car
1534,goat
1535,goat
1536,car
1537,goat
1538,goat
1539,car
1540,car
1541,car
1542,goat
1543,car
1544,car
1545,car
1546,car
1547,goat
1548,goat
1549,car
1550,car
1551,car
1552,car
1553,goat
1554,car
1555,car
1556,car
1557,car
1558,car
1559,car
1560,car
1561,car
1562,car
1563,car
1564,goat
1565,goat
1566,car
1567,goat
1568,goat
1569,goat
1570,car
1571,goat
1572,car
1573,car
1574,goat
1575,car
1576,car
1577,car
1578,car
1579,goat
1580,car
1581,goat
1582,goat
1583,goat
1584,goat
1585,car
1586,car
1587,goat
1588,car
1589,goat
1590,car
1591,car
1592,car
1593,car
1594,car
1595,car
1596,car
1597,goat
1598,car
1599,goat
1600,goat
1601,goat
1602,goat
1603,car
1604,car
1605,car
1606,car
1607,goat
1608,car
1609,goat
1610,car
1611,car
1612,car
1613,goat
1614,car
1615,car
1616,goat
1617,car
1618,car
1619,car
1620,goat
1621,car
1622,car
1623,car
1624,car
1625,car
1626,car
1627,car
1628,car
1629,car
1630,goat
1631,car
1632,car
1633,car
1634,car
1635,goat
1636,car
1637,car
1638,car
1639,goat
1640,goat
1641,goat
1642,car
1643,goat
1644,car
1645,car
1646,goat
1647,car
1648,goat
1649,goat
1650,car
1651,car
1652,car
1653,car
1654,car
1655,goat
1656,car
1657,car
1658,car
1659,car
1660,goat
1661,car
1662,car
1663,goat
1664,car
1665,car
1666,goat
1667,car
1668,goat
1669,goat
1670,car
1671,car
1672,car
1673,goat
1674,car
1675,goat
1676,car
1677,car
1678,car
1679,car
1680,goat
1681,car
1682,car
1683,car
1684,goat
1685,goat
1686,car
1687,goat
1688,car
1689,car
1690,car
1691,car
1692,car
1693,car
1694,car
1695,car
1696,car
1697,car
1698,goat
1699,car
1700,goat
1701,goat
1702,goat
1703,goat
1704,goat
1705,car
1706,goat
1707,car
1708,car
1709,car
1710,car
1711,car
1712,car
1713,goat
1714,car
1715,goat
1716,car
1717,goat
1718,car
1719,goat
1720,car
1721,car
1722,car
1723,car
1724,car
1725,goat
1726,car
1727,car
1728,goat
1729,car
1730,car
1731,car
1732,car
1733,car
1734,car
1735,car
1736,car
1737,car
1738,goat
1739,goat
1740,goat
1741,goat
1742,goat
1743,car
1744,goat
1745,car
1746,car
1747,goat
1748,car
1749,goat
1750,goat
1751,car
1752,car
1753,goat
1754,car
1755,car
1756,car
1757,car
1758,car
1759,car
1760,goat
1761,car
1762,car
1763,goat
1764,goat
1765,car
1766,car
1767,car
1768,car
1769,car
1770,car
1771,car
1772,car
1773,car
1774,goat
1775,goat
1776,car
1777,goat
1778,goat
1779,car
1780,car
1781,car
1782,goat
1783,goat
1784,goat
1785,car
1786,car
1787,car
1788,car
1789,goat
1790,car
1791,goat
1792,goat
1793,goat
1794,car
1795,car
1796,car
1797,car
1798,car
1799,car
1800,car
1801,car
1802,car
1803,car
1804,car
1805,car
1806,goat
1807,car
1808,car
1809,car
1810,goat
1811,goat
1812,goat
1813,goat
1814,car
1815,goat
1816,car
1817,goat
1818,goat
1819,goat
1820,car
1821,goat
1822,car
1823,car
1824,car
1825,car
1826,car
1827,goat
1828,car
1829,car
1830,car
1831,car
1832,car
1833,goat
1834,car
1835,car
1836,car
1837,goat
1838,goat
1839,car
1840,car
1841,goat
1842,car
1843,car
1844,car
1845,car
1846,goat
1847,goat
1848,car
1849,car
1850,car
1851,car
1852,car
1853,car
1854,car
1855,car
1856,goat
1857,car
1858,car
1859,goat
1860,goat
1861,goat
1862,goat
1863,car
1864,goat
1865,goat
1866,car
1867,car
1868,car
1869,car
1870,car
1871,car
1872,car
1873,goat
1874,car
1875,goat
1876,goat
1877,goat
1878,car
1879,goat
1880,goat
1881,goat
1882,goat
1883,car
1884,goat
1885,car
1886,car
1887,goat
1888,car
1889,car
1890,goat
1891,goat
1892,car
1893,car
1894,car
1895,car
1896,goat
1897,goat
1898,car
1899,car
1900,car
1901,goat
1902,goat
1903,car
1904,goat
1905,car
1906,car
1907,car
1908,car
1909,car
1910,car
1911,goat
1912,car
1913,car
1914,goat
1915,car
1916,car
1917,goat
1918,car
1919,car
1920,car
1921,car
1922,goat
1923,car
1924,goat
1925,car
1926,goat
1927,car
1928,car
1929,goat
1930,goat
1931,car
1932,car
1933,car
1934,goat
1935,goat
1936,car
1937,car
1938,car
1939,goat
1940,car
1941,car
1942,goat
1943,car
1944,car
1945,car
1946,car
1947,car
1948,car
1949,car
1950,car
1951,goat
1952,car
1953,goat
1954,car
1955,car
1956,car
1957,car
1958,car
1959,goat
1960,car
1961,goat
1962,goat
1963,car
1964,goat
1965,goat
1966,car
1967,car
1968,car
1969,goat
1970,goat
1971,car
1972,car
1973,car
1974,goat
1975,goat
1976,car
1977,car
1978,car
1979,goat
1980,goat
1981,goat
1982,goat
1983,goat
1984,car
1985,car
1986,car
1987,car
1988,goat
1989,car
1990,car
1991,car
1992,car
1993,car
1994,car
1995,car
1996,car
1997,car
1998,car
1999,goat
2000,goat
2001,car
2002,goat
2003,car
2004,goat
2005,car
2006,goat
2007,goat
2008,car
2009,car
2010,car
2011,car
2012,car
2013,goat
2014,car
2015,car
2016,car
2017,car
2018,car
2019,car
2020,car
2021,goat
2022,car
2023,goat
2024,goat
2025,car
2026,goat
2027,goat
2028,car
2029,car
2030,car
2031,car
2032,car
2033,car
2034,car
2035,car
2036,car
2037,goat
2038,car
2039,goat
2040,goat
2041,car
2042,goat
2043,car
2044,goat
2045,car
2046,car
2047,car
2048,car
2049,car
2050,car
2051,car
2052,car
2053,car
2054,car
2055,car
2056,goat
2057,goat
2058,car
2059,goat
2060,goat
2061,car
2062,car
2063,car
2064,car
2065,car
2066,goat
2067,car
2068,goat
2069,car
2070,goat
2071,car
2072,car
2073,car
2074,car
2075,goat
2076,car
2077,goat
2078,car
2079,car
2080,car
2081,goat
2082,car
2083,goat
2084,car
2085,car
2086,car
2087,goat
2088,goat
2089,car
2090,car
2091,car
2092,car
2093,goat
2094,car
2095,car
2096,car
2097,car
2098,car
2099,goat
2100,goat
2101,goat
2102,goat
2103,car
2104,goat
2105,goat
2106,car
2107,car
2108,goat
2109,car
2110,car
2111,goat
2112,goat
2113,car
2114,car
2115,car
2116,car
2117,goat
2118,goat
2119,goat
2120,car
2121,car
2122,goat
2123,goat
2124,goat
2125,goat
2126,goat
2127,goat
2128,car
2129,goat
2130,car
2131,car
2132,car
2133,car
2134,goat
2135,car
2136,car
2137,car
2138,car
2139,goat
2140,car
2141,car
2142,goat
2143,car
2144,car
2145,car
2146,goat
2147,car
2148,goat
2149,car
2150,car
2151,car
2152,car
2153,car
2154,goat
2155,car
2156,car
2157,car
2158,car
2159,goat
2160,car
2161,goat
2162,goat
2163,car
2164,car
2165,car
2166,car
2167,goat
2168,car
2169,car
2170,car
2171,car
2172,car
2173,goat
2174,car
2175,car
2176,goat
2177,goat
2178,car
2179,car
2180,goat
2181,car
2182,car
2183,car
2184,goat
2185,car
2186,goat
2187,car
2188,car
2189,car
2190,goat
2191,goat
2192,car
2193,car
2194,goat
2195,goat
2196,car
2197,car
2198,goat
2199,goat
2200,car
2201,car
2202,car
2203,car
2204,car
2205,goat
2206,car
2207,car
2208,car
2209,car
2210,car
2211,car
2212,goat
2213,car
2214,car
2215,car
2216,car
2217,car
2218,car
2219,car
2220,goat
2221,goat
2222,car
2223,car
2224,goat
2225,car
2226,car
2227,car
2228,goat
2229,car
2230,car
2231,goat
2232,car
2233,car
2234,car
2235,goat
2236,goat
2237,car
2238,goat
2239,goat
2240,car
2241,car
2242,goat
2243,car
2244,goat
2245,car
2246,car
2247,goat
2248,goat
2249,goat
2250,goat
2251,car
2252,car
2253,goat
2254,car
2255,car
2256,car
2257,car
2258,car
2259,car
2260,car
2261,car
2262,car
2263,car
2264,car
2265,car
2266,goat
2267,car
2268,car
2269,car
2270,goat
2271,car
2272,car
2273,goat
2274,goat
2275,goat
2276,goat
2277,car
2278,car
2279,car
2280,car
2281,car
2282,goat
2283,goat
2284,car
2285,car
2286,goat
2287,car
2288,goat
2289,goat
2290,car
2291,car
2292,goat
2293,goat
2294,goat
2295,car
2296,car
2297,car
2298,car
2299,car
2300,car
2301,car
2302,goat
2303,goat
2304,car
2305,car
2306,car
2307,goat
2308,goat
2309,car
2310,car
2311,car
2312,car
2313,car
2314,car
2315,goat
2316,car
2317,car
2318,car
2319,car
2320,goat
2321,goat
2322,car
2323,car
2324,car
2325,goat
2326,car
2327,car
2328,goat
2329,car
2330,car
2331,car
2332,car
2333,car
2334,car
2335,goat
2336,car
2337,goat
2338,car
2339,car
2340,goat
2341,car
2342,car
2343,goat
2344,car
2345,car
2346,car
2347,goat
2348,car
2349,goat
2350,car
2351,goat
2352,car
2353,car
2354,goat
2355,car
2356,car
2357,goat
2358,goat
2359,car
2360,car
2361,car
2362,goat
2363,car
2364,car
2365,car
2366,car
2367,car
2368,goat
2369,car
2370,car
2371,goat
2372,goat
2373,car
2374,goat
2375,goat
2376,car
2377,goat
2378,goat
2379,car
2380,car
2381,car
2382,goat
2383,car
2384,car
2385,goat
2386,goat
2387,car
2388,goat
2389,car
2390,car
2391,goat
2392,car
2393,goat
2394,car
2395,car
2396,goat
2397,car
2398,goat
2399,car
2400,car
2401,car
2402,goat
2403,goat
2404,car
2405,goat
2406,car
2407,car
2408,car
2409,goat
2410,car
2411,car
2412,goat
2413,car
2414,goat
2415,car
2416,goat
2417,car
2418,car
2419,car
2420,car
2421,goat
2422,car
2423,car
2424,goat
2425,car
2426,goat
2427,car
2428,car
2429,goat
2430,goat
2431,car
2432,car
2433,car
2434,goat
2435,goat
2436,car
2437,goat
2438,goat
2439,car
2440,car
2441,car
2442,goat
2443,car
2444,car
2445,car
2446,car
2447,car
2448,car
2449,goat
2450,car
2451,car
2452,goat
2453,goat
2454,car
2455,car
2456,car
2457,car
2458,car
2459,car
2460,car
2461,car
2462,car
2463,car
2464,car
2465,goat
2466,car
2467,goat
2468,car
2469,goat
2470,goat
2471,car
2472,goat
2473,goat
2474,car
2475,car
2476,car
2477,car
2478,car
2479,goat
2480,car
2481,car
2482,car
2483,goat
2484,car
2485,goat
2486,car
2487,goat
2488,car
2489,goat
2490,goat
2491,car
2492,car
2493,goat
2494,car
2495,car
2496,car
2497,goat
2498,car
2499,car
2500,car
2501,car
2502,car
2503,car
2504,goat
2505,car
2506,goat
2507,car
2508,car
2509,goat
2510,goat
2511,car
2512,car
2513,car
2514,goat
2515,car
2516,car
2517,car
2518,car
2519,car
2520,goat
2521,car
2522,goat
2523,car
2524,goat
2525,car
2526,goat
2527,goat
2528,goat
2529,goat
2530,car
2531,goat
2532,car
2533,goat
2534,car
2535,car
2536,goat
2537,car
2538,goat
2539,car
2540,goat
2541,goat
2542,car
2543,car
2544,goat
2545,goat
2546,car
2547,goat
2548,goat
2549,goat
2550,car
2551,car
2552,car
2553,goat
2554,goat
2555,goat
2556,goat
2557,car
2558,car
2559,car
2560,goat
2561,car
2562,goat
2563,car
2564,car
2565,car
2566,car
2567,car
2568,goat
2569,goat
2570,goat
2571,goat
2572,car
2573,car
2574,goat
2575,goat
2576,car
2577,goat
2578,car
2579,car
2580,car
2581,car
2582,car
2583,car
2584,car
2585,goat
2586,car
2587,goat
2588,car
2589,goat
2590,car
2591,car
2592,car
2593,car
2594,car
2595,car
2596,car
2597,car
2598,car
2599,goat
2600,car
2601,goat
2602,car
2603,car
2604,goat
2605,car
2606,car
2607,goat
2608,car
2609,car
2610,car
2611,car
2612,goat
2613,goat
2614,goat
2615,car
2616,goat
2617,goat
2618,car
2619,goat
2620,car
2621,goat
2622,goat
2623,car
2624,goat
2625,car
2626,goat
2627,goat
2628,car
2629,car
2630,goat
2631,car
2632,car
2633,goat
2634,car
2635,car
2636,goat
2637,goat
2638,car
2639,goat
2640,car
2641,car
2642,goat
2643,car
2644,car
2645,goat
2646,goat
2647,goat
2648,car
2649,goat
2650,car
2651,car
2652,car
2653,goat
2654,goat
2655,goat
2656,car
2657,goat
2658,car
2659,car
2660,goat
2661,car
2662,goat
2663,car
2664,car
2665,goat
2666,goat
2667,car
2668,car
2669,goat
2670,goat
2671,car
2672,goat
2673,car
2674,goat
2675,car
2676,goat
2677,car
2678,goat
2679,car
2680,car
2681,car
2682,goat
2683,car
2684,car
2685,car
2686,goat
2687,goat
2688,car
2689,goat
2690,car
2691,car
2692,goat
2693,car
2694,goat
2695,car
2696,goat
2697,car
2698,goat
2699,goat
2700,car
2701,goat
2702,goat
2703,car
2704,goat
2705,goat
2706,goat
2707,goat
2708,car
2709,car
2710,car
2711,car
2712,car
2713,car
2714,car
2715,car
2716,car
2717,car
2718,car
2719,car
2720,goat
2721,goat
2722,car
2723,goat
2724,car
2725,car
2726,goat
2727,car
2728,car
2729,car
2730,car
2731,car
2732,goat
2733,goat
2734,goat
2735,car
2736,goat
2737,goat
2738,goat
2739,car
2740,goat
2741,goat
2742,car
2743,car
2744,goat
2745,car
2746,car
2747,car
2748,car
2749,car
2750,goat
2751,car
2752,car
2753,car
2754,car
2755,car
2756,goat
2757,car
2758,car
2759,car
2760,car
2761,car
2762,car
2763,goat
2764,car
2765,car
2766,goat
2767,car
2768,car
2769,car
2770,car
2771,car
2772,goat
2773,goat
2774,goat
2775,car
2776,goat
2777,car
2778,car
2779,car
2780,car
2781,car
2782,car
2783,car
2784,goat
2785,car
2786,goat
2787,car
2788,car
2789,goat
2790,car
2791,car
2792,goat
2793,goat
2794,car
2795,car
2796,car
2797,car
2798,car
2799,car
2800,car
2801,goat
2802,goat
2803,car
2804,goat
2805,goat
2806,goat
2807,car
2808,goat
2809,car
2810,goat
2811,car
2812,car
2813,goat
2814,goat
2815,car
2816,car
2817,goat
2818,car
2819,car
2820,goat
2821,goat
2822,goat
2823,car
2824,car
2825,car
2826,car
2827,car
2828,car
2829,car
2830,goat
2831,car
2832,car
2833,goat
2834,goat
2835,car
2836,car
2837,car
2838,car
2839,car
2840,car
2841,goat
2842,car
2843,car
2844,car
2845,car
2846,car
2847,car
2848,goat
2849,goat
2850,car
2851,goat
2852,goat
2853,car
2854,goat
2855,car
2856,car
2857,goat
2858,car
2859,car
2860,car
2861,goat
2862,car
2863,car
2864,car
2865,car
2866,car
2867,goat
2868,car
2869,goat
2870,goat
2871,car
2872,car
2873,goat
2874,car
2875,car
2876,car
2877,car
2878,goat
2879,car
2880,car
2881,car
2882,goat
2883,goat
2884,goat
2885,car
2886,car
2887,car
2888,car
2889,car
2890,car
2891,goat
2892,car
2893,car
2894,goat
2895,car
2896,goat
2897,car
2898,goat
2899,goat
2900,car
2901,goat
2902,car
2903,goat
2904,car
2905,goat
2906,car
2907,car
2908,car
2909,car
2910,car
2911,car
2912,car
2913,car
2914,car
2915,car
2916,car
2917,car
2918,car
2919,car
2920,goat
2921,car
2922,car
2923,goat
2924,car
2925,goat
2926,goat
2927,goat
2928,car
2929,goat
2930,goat
2931,goat
2932,car
2933,goat
2934,car
2935,car
2936,goat
2937,car
2938,goat
2939,car
2940,car
2941,car
2942,car
2943,goat
2944,goat
2945,goat
2946,goat
2947,goat
2948,goat
2949,goat
2950,car
2951,car
2952,car
2953,goat
2954,goat
2955,car
2956,car
2957,goat
2958,goat
2959,goat
2960,car
2961,car
2962,car
2963,car
2964,car
2965,car
2966,car
2967,car
2968,goat
2969,car
2970,goat
2971,car
2972,goat
2973,car
2974,goat
2975,car
2976,goat
2977,car
2978,goat
2979,goat
2980,car
2981,car
2982,goat
2983,car
2984,car
2985,car
2986,car
2987,goat
2988,car
2989,car
2990,car
2991,car
2992,car
2993,car
2994,goat
2995,car
2996,car
2997,car
2998,goat
2999,goat
3000,goat
3001,car
3002,car
3003,car
3004,car
3005,goat
3006,car
3007,car
3008,goat
3009,goat
3010,goat
3011,car
3012,goat
3013,goat
3014,car
3015,goat
3016,car
3017,goat
3018,car
3019,car
3020,car
3021,car
3022,goat
3023,car
3024,car
3025,car
3026,car
3027,car
3028,car
3029,car
3030,car
3031,goat
3032,goat
3033,car
3034,goat
3035,goat
3036,car
3037,car
3038,car
3039,car
3040,car
3041,car
3042,car
3043,goat
3044,car
3045,car
3046,car
3047,car
3048,car
3049,goat
3050,goat
3051,goat
3052,car
3053,goat
3054,car
3055,car
3056,car
3057,car
3058,goat
3059,car
3060,car
3061,goat
3062,car
3063,goat
3064,car
3065,car
3066,car
3067,car
3068,goat
3069,car
3070,car
3071,car
3072,car
3073,goat
3074,car
3075,car
3076,goat
3077,car
3078,car
3079,car
3080,goat
3081,car
3082,car
3083,car
3084,car
3085,car
3086,car
3087,car
3088,goat
3089,car
3090,car
3091,goat
3092,car
3093,car
3094,car
3095,car
3096,car
3097,car
3098,goat
3099,car
3100,car
3101,car
3102,car
3103,goat
3104,car
3105,car
3106,car
3107,goat
3108,car
3109,car
3110,car
3111,car
3112,car
3113,goat
3114,car
3115,car
3116,goat
3117,goat
3118,goat
3119,car
3120,goat
3121,car
3122,car
3123,goat
3124,car
3125,goat
3126,goat
3127,goat
3128,car
3129,goat
3130,car
3131,car
3132,goat
3133,goat
3134,goat
3135,goat
3136,car
3137,goat
3138,car
3139,car
3140,goat
3141,car
3142,car
3143,car
3144,goat
3145,car
3146,car
3147,car
3148,car
3149,goat
3150,car
3151,car
3152,car
3153,goat
3154,goat
3155,car
3156,car
3157,goat
3158,goat
3159,car
3160,goat
3161,goat
3162,car
3163,goat
3164,car
3165,car
3166,car
3167,car
3168,car
3169,car
3170,car
3171,car
3172,goat
3173,car
3174,car
3175,car
3176,car
3177,goat
3178,car
3179,car
3180,goat
3181,car
3182,goat
3183,car
3184,car
3185,goat
3186,goat
3187,car
3188,car
3189,car
3190,car
3191,goat
3192,car
3193,goat
3194,car
3195,car
3196,car
3197,goat
3198,car
3199,goat
3200,car
3201,goat
3202,car
3203,car
3204,car
3205,car
3206,goat
3207,goat
3208,goat
3209,car
3210,car
3211,car
3212,car
3213,goat
3214,car
3215,car
3216,car
3217,car
3218,car
3219,goat
3220,car
3221,goat
3222,car
3223,car
3224,car
3225,car
3226,car
3227,goat
3228,car
3229,car
3230,car
3231,car
3232,goat
3233,goat
3234,goat
3235,car
3236,goat
3237,car
3238,goat
3239,goat
3240,car
3241,goat
3242,car
3243,car
3244,car
3245,car
3246,car
3247,car
3248,car
3249,car
3250,car
3251,goat
3252,car
3253,car
3254,goat
3255,car
3256,car
3257,car
3258,car
3259,car
3260,car
3261,car
3262,goat
3263,car
3264,car
3265,goat
3266,car
3267,car
3268,goat
3269,car
3270,car
3271,goat
3272,goat
3273,goat
3274,car
3275,car
3276,car
3277,goat
3278,car
3279,car
3280,car
3281,car
3282,car
3283,goat
3284,car
3285,car
3286,goat
3287,car
3288,car
3289,goat
3290,goat
3291,car
3292,car
3293,goat
3294,goat
3295,car
3296,goat
3297,car
3298,car
3299,goat
3300,goat
3301,goat
3302,car
3303,car
3304,car
3305,goat
3306,car
3307,car
3308,car
3309,car
3310,car
3311,car
3312,car
3313,car
3314,car
3315,car
3316,car
3317,car
3318,car
3319,car
3320,car
3321,goat
3322,goat
3323,car
3324,car
3325,car
3326,goat
3327,goat
3328,car
3329,goat
3330,car
3331,car
3332,car
3333,car
3334,goat
3335,car
3336,car
3337,car
3338,car
3339,goat
3340,goat
3341,car
3342,car
3343,car
3344,goat
3345,goat
3346,car
3347,car
3348,car
3349,car
3350,goat
3351,car
3352,car
3353,car
3354,car
3355,goat
3356,car
3357,car
3358,car
3359,goat
3360,car
3361,car
3362,car
3363,goat
3364,car
3365,goat
3366,car
3367,car
3368,goat
3369,car
3370,goat
3371,car
3372,car
3373,car
3374,goat
3375,goat
3376,car
3377,car
3378,car
3379,goat
3380,car
3381,car
3382,car
3383,car
3384,car
3385,car
3386,car
3387,goat
3388,car
3389,car
3390,goat
3391,car
3392,goat
3393,car
3394,goat
3395,car
3396,car
3397,car
3398,goat
3399,car
3400,goat
3401,goat
3402,car
3403,car
3404,car
3405,goat
3406,car
3407,car
3408,goat
3409,goat
3410,goat
3411,car
3412,goat
3413,car
3414,car
3415,car
3416,car
3417,car
3418,goat
3419,car
3420,goat
3421,goat
3422,car
3423,car
3424,car
3425,car
3426,car
3427,goat
3428,goat
3429,car
3430,goat
3431,car
3432,car
3433,car
3434,car
3435,car
3436,car
3437,goat
3438,car
3439,car
3440,goat
3441,goat
3442,car
3443,car
3444,car
3445,goat
3446,car
3447,goat
3448,car
3449,car
3450,car
3451,car
3452,car
3453,car
3454,goat
3455,goat
3456,car
3457,car
3458,car
3459,goat
3460,car
3461,car
3462,car
3463,car
3464,car
3465,goat
3466,car
3467,car
3468,car
3469,car
3470,car
3471,car
3472,car
3473,car
3474,car
3475,car
3476,car
3477,car
3478,car
3479,car
3480,car
3481,car
3482,car
3483,goat
3484,car
3485,car
3486,goat
3487,car
3488,car
3489,car
3490,car
3491,car
3492,car
3493,goat
3494,car
3495,car
3496,car
3497,car
3498,car
3499,goat
3500,car
3501,goat
3502,goat
3503,car
3504,car
3505,goat
3506,car
3507,goat
3508,car
3509,car
3510,car
3511,goat
3512,car
3513,goat
3514,car
3515,car
3516,goat
3517,car
3518,goat
3519,car
3520,car
3521,goat
3522,car
3523,car
3524,car
3525,car
3526,car
3527,car
3528,car
3529,goat
3530,car
3531,goat
3532,goat
3533,car
3534,car
3535,car
3536,car
3537,car
3538,car
3539,car
3540,goat
3541,car
3542,car
3543,car
3544,goat
3545,goat
3546,goat
3547,car
3548,car
3549,goat
3550,goat
3551,goat
3552,car
3553,car
3554,car
3555,goat
3556,goat
3557,goat
3558,goat
3559,car
3560,goat
3561,goat
3562,car
3563,goat
3564,car
3565,goat
3566,car
3567,car
3568,car
3569,goat
3570,car
3571,car
3572,car
3573,car
3574,car
3575,goat
3576,goat
3577,goat
3578,car
3579,car
3580,goat
3581,car
3582,car
3583,car
3584,goat
3585,car
3586,car
3587,car
3588,car
3589,car
3590,car
3591,goat
3592,goat
3593,goat
3594,car
3595,car
3596,car
3597,goat
3598,car
3599,car
3600,goat
3601,car
3602,car
3603,goat
3604,car
3605,car
3606,goat
3607,goat
3608,goat
3609,car
3610,goat
3611,car
3612,goat
3613,car
3614,goat
3615,car
3616,car
3617,goat
3618,goat
3619,car
3620,goat
3621,car
3622,car
3623,car
3624,car
3625,goat
3626,car
3627,car
3628,car
3629,goat
3630,car
3631,goat
3632,car
3633,goat
3634,car
3635,car
3636,goat
3637,car
3638,goat
3639,goat
3640,goat
3641,goat
3642,car
3643,goat
3644,car
3645,car
3646,goat
3647,car
3648,car
3649,car
3650,car
3651,car
3652,goat
3653,car
3654,goat
3655,car
3656,goat
3657,car
3658,car
3659,car
3660,goat
3661,goat
3662,car
3663,goat
3664,car
3665,car
3666,goat
3667,goat
3668,goat
3669,car
3670,car
3671,car
3672,car
3673,car
3674,goat
3675,car
3676,car
3677,car
3678,car
3679,car
3680,car
3681,goat
3682,car
3683,goat
3684,goat
3685,car
3686,goat
3687,car
3688,car
3689,car
3690,goat
3691,car
3692,car
3693,car
3694,goat
3695,car
3696,car
3697,car
3698,goat
3699,goat
3700,car
3701,goat
3702,car
3703,goat
3704,car
3705,goat
3706,car
3707,car
3708,car
3709,car
3710,goat
3711,car
3712,car
3713,car
3714,car
3715,car
3716,goat
3717,car
3718,car
3719,car
3720,car
3721,car
3722,car
3723,goat
3724,car
3725,car
3726,goat
3727,car
3728,car
3729,goat
3730,car
3731,goat
3732,car
3733,car
3734,car
3735,goat
3736,car
3737,car
3738,car
3739,car
3740,goat
3741,car
3742,goat
3743,car
3744,car
3745,car
3746,goat
3747,car
3748,goat
3749,car
3750,car
3751,car
3752,car
3753,goat
3754,goat
3755,car
3756,goat
3757,goat
3758,car
3759,goat
3760,car
3761,car
3762,goat
3763,car
3764,goat
3765,car
3766,goat
3767,goat
3768,car
3769,goat
3770,car
3771,goat
3772,car
3773,car
3774,car
3775,goat
3776,car
3777,car
3778,car
3779,goat
3780,car
3781,car
3782,car
3783,car
3784,car
3785,goat
3786,goat
3787,car
3788,car
3789,car
3790,goat
3791,car
3792,car
3793,car
3794,goat
3795,goat
3796,car
3797,goat
3798,car
3799,car
3800,car
3801,car
3802,car
3803,car
3804,car
3805,car
3806,goat
3807,goat
3808,car
3809,goat
3810,goat
3811,car
3812,car
3813,car
3814,car
3815,goat
3816,goat
3817,car
3818,goat
3819,car
3820,car
3821,car
3822,car
3823,car
3824,goat
3825,car
3826,car
3827,goat
3828,goat
3829,car
3830,car
3831,car
3832,car
3833,goat
3834,car
3835,car
3836,car
3837,car
3838,car
3839,car
3840,goat
3841,goat
3842,car
3843,goat
3844,goat
3845,goat
3846,goat
3847,car
3848,car
3849,goat
3850,car
3851,goat
3852,goat
3853,car
3854,goat
3855,car
3856,car
3857,car
3858,car
3859,goat
3860,car
3861,car
3862,car
3863,car
3864,goat
3865,goat
3866,car
3867,goat
3868,goat
3869,car
3870,car
3871,car
3872,goat
3873,goat
3874,car
3875,car
3876,car
3877,goat
3878,car
3879,car
3880,car
3881,car
3882,car
3883,goat
3884,goat
3885,car
3886,car
3887,car
3888,goat
3889,car
3890,goat
3891,car
3892,car
3893,car
3894,goat
3895,car
3896,goat
3897,car
3898,car
3899,car
3900,car
3901,goat
3902,goat
3903,car
3904,car
3905,car
3906,goat
3907,car
3908,goat
3909,car
3910,car
3911,goat
3912,car
3913,goat
3914,goat
3915,car
3916,car
3917,car
3918,car
3919,car
3920,goat
3921,car
3922,car
3923,car
3924,car
3925,goat
3926,goat
3927,goat
3928,car
3929,car
3930,car
3931,car
3932,car
3933,goat
3934,car
3935,car
3936,car
3937,car
3938,goat
3939,car
3940,goat
3941,car
3942,car
3943,goat
3944,car
3945,car
3946,car
3947,goat
3948,car
3949,car
3950,car
3951,car
3952,goat
3953,car
3954,car
3955,car
3956,car
3957,car
3958,car
3959,goat
3960,car
3961,goat
3962,car
3963,goat
3964,goat
3965,goat
3966,goat
3967,goat
3968,car
3969,car
3970,goat
3971,car
3972,goat
3973,car
3974,goat
3975,goat
3976,car
3977,car
3978,car
3979,goat
3980,goat
3981,goat
3982,goat
3983,car
3984,car
3985,car
3986,car
3987,car
3988,car
3989,goat
3990,car
3991,car
3992,car
3993,car
3994,goat
3995,car
3996,car
3997,car
3998,car
3999,goat
4000,car
4001,car
4002,car
4003,car
4004,car
4005,goat
4006,car
4007,goat
4008,car
4009,car
4010,car
4011,car
4012,goat
4013,goat
4014,car
4015,car
4016,car
4017,car
4018,car
4019,car
4020,car
4021,goat
4022,car
4023,car
4024,car
4025,car
4026,car
4027,goat
4028,car
4029,goat
4030,car
4031,goat
4032,car
4033,car
4034,car
4035,car
4036,car
4037,car
4038,car
4039,car
4040,car
4041,car
4042,car
4043,goat
4044,car
4045,car
4046,car
4047,car
4048,goat
4049,car
4050,car
4051,car
4052,car
4053,car
4054,car
4055,car
4056,car
4057,goat
4058,car
4059,car
4060,car
4061,car
4062,car
4063,car
4064,goat
4065,car
4066,goat
4067,car
4068,car
4069,car
4070,car
4071,car
4072,car
4073,goat
4074,car
4075,car
4076,car
4077,goat
4078,car
4079,car
4080,car
4081,car
4082,car
4083,goat
4084,car
4085,car
4086,car
4087,car
4088,goat
4089,car
4090,car
4091,goat
4092,car
4093,goat
4094,car
4095,car
4096,goat
4097,car
4098,car
4099,goat
4100,car
4101,car
4102,goat
4103,car
4104,car
4105,car
4106,car
4107,car
4108,car
4109,goat
4110,goat
4111,car
4112,goat
4113,car
4114,car
4115,goat
4116,goat
4117,car
4118,car
4119,car
4120,car
4121,car
4122,car
4123,goat
4124,goat
4125,goat
4126,goat
4127,car
4128,car
4129,car
4130,car
4131,car
4132,car
4133,car
4134,car
4135,car
4136,car
4137,goat
4138,goat
4139,car
4140,goat
4141,car
4142,car
4143,goat
4144,car
4145,car
4146,car
4147,car
4148,goat
4149,goat
4150,goat
4151,car
4152,goat
4153,car
4154,car
4155,goat
4156,goat
4157,car
4158,goat
4159,car
4160,car
4161,goat
4162,car
4163,car
4164,car
4165,goat
4166,car
4167,goat
4168,goat
4169,car
4170,car
4171,goat
4172,goat
4173,goat
4174,car
4175,goat
4176,car
4177,car
4178,car
4179,car
4180,car
4181,car
4182,car
4183,car
4184,goat
4185,car
4186,car
4187,car
4188,goat
4189,car
4190,car
4191,car
4192,car
4193,car
4194,car
4195,car
4196,car
4197,goat
4198,car
4199,goat
4200,car
4201,car
4202,goat
4203,car
4204,goat
4205,car
4206,goat
4207,car
4208,goat
4209,car
4210,car
4211,goat
4212,car
4213,car
4214,goat
4215,car
4216,car
4217,goat
4218,goat
4219,car
4220,goat
4221,car
4222,goat
4223,car
4224,goat
4225,car
4226,car
4227,goat
4228,goat
4229,car
4230,goat
4231,car
4232,car
4233,car
4234,car
4235,car
4236,goat
4237,car
4238,goat
4239,goat
4240,car
4241,car
4242,goat
4243,car
4244,goat
4245,car
4246,car
4247,goat
4248,car
4249,car
4250,car
4251,car
4252,goat
4253,car
4254,car
4255,car
4256,car
4257,car
4258,car
4259,goat
4260,car
4261,goat
4262,car
4263,car
4264,car
4265,car
4266,car
4267,car
4268,car
4269,car
4270,car
4271,car
4272,car
4273,goat
4274,car
4275,car
4276,goat
4277,car
4278,car
4279,car
4280,car
4281,car
4282,goat
4283,car
4284,goat
4285,car
4286,car
4287,car
4288,car
4289,car
4290,goat
4291,car
4292,car
4293,goat
4294,car
4295,car
4296,goat
4297,car
4298,goat
4299,car
4300,car
4301,car
4302,car
4303,goat
4304,car
4305,car
4306,goat
4307,car
4308,car
4309,car
4310,car
4311,car
4312,goat
4313,car
4314,goat
4315,car
4316,car
4317,car
4318,goat
4319,car
4320,goat
4321,goat
4322,car
4323,car
4324,car
4325,goat
4326,car
4327,goat
4328,goat
4329,goat
4330,car
4331,car
4332,car
4333,car
4334,car
4335,car
4336,car
4337,car
4338,car
4339,car
4340,car
4341,goat
4342,goat
4343,car
4344,goat
4345,car
4346,car
4347,car
4348,car
4349,goat
4350,car
4351,car
4352,car
4353,goat
4354,car
4355,goat
4356,car
4357,goat
4358,goat
4359,goat
4360,car
4361,car
4362,car
4363,car
4364,car
4365,car
4366,car
4367,car
4368,car
4369,goat
4370,car
4371,car
4372,goat
4373,goat
4374,goat
4375,car
4376,car
4377,car
4378,car
4379,goat
4380,car
4381,goat
4382,goat
4383,car
4384,car
4385,car
4386,car
4387,goat
4388,car
4389,car
4390,goat
4391,car
4392,goat
4393,car
4394,goat
4395,car
4396,goat
4397,car
4398,car
4399,car
4400,goat
4401,goat
4402,car
4403,car
4404,car
4405,goat
4406,car
4407,car
4408,goat
4409,goat
4410,car
4411,goat
4412,car
4413,car
4414,car
4415,goat
4416,goat
4417,car
4418,goat
4419,goat
4420,car
4421,goat
4422,car
4423,car
4424,car
4425,car
4426,goat
4427,goat
4428,goat
4429,car
4430,car
4431,car
4432,car
4433,car
4434,car
4435,car
4436,car
4437,goat
4438,car
4439,goat
4440,car
4441,car
4442,car
4443,car
4444,goat
4445,car
4446,car
4447,goat
4448,car
4449,car
4450,car
4451,car
4452,car
4453,car
4454,car
4455,car
4456,car
4457,goat
4458,car
4459,goat
4460,car
4461,car
4462,car
4463,car
4464,goat
4465,goat
4466,goat
4467,goat
4468,car
4469,goat
4470,car
4471,goat
4472,car
4473,car
4474,car
4475,car
4476,car
4477,car
4478,car
4479,car
4480,car
4481,car
4482,car
4483,car
4484,car
4485,goat
4486,goat
4487,goat
4488,goat
4489,car
4490,car
4491,goat
4492,car
4493,car
4494,goat
4495,car
4496,car
4497,goat
4498,car
4499,goat
4500,car
4501,car
4502,car
4503,goat
4504,car
4505,goat
4506,car
4507,car
4508,goat
4509,car
4510,goat
4511,car
4512,goat
4513,car
4514,car
4515,goat
4516,car
4517,car
4518,goat
4519,car
4520,car
4521,car
4522,car
4523,car
4524,car
4525,car
4526,goat
4527,goat
4528,car
4529,goat
4530,goat
4531,car
4532,car
4533,car
4534,car
4535,car
4536,car
4537,car
4538,car
4539,car
4540,car
4541,goat
4542,goat
4543,car
4544,car
4545,car
4546,car
4547,car
4548,car
4549,car
4550,goat
4551,car
4552,car
4553,car
4554,car
4555,car
4556,car
4557,car
4558,goat
4559,car
4560,car
4561,car
4562,car
4563,goat
4564,car
4565,car
4566,car
4567,car
4568,car
4569,goat
4570,goat
4571,car
4572,goat
4573,goat
4574,goat
4575,car
4576,car
4577,goat
4578,car
4579,goat
4580,goat
4581,goat
4582,car
4583,car
4584,car
4585,car
4586,car
4587,car
4588,goat
4589,goat
4590,car
4591,car
4592,car
4593,goat
4594,car
4595,car
4596,car
4597,car
4598,car
4599,car
4600,car
4601,goat
4602,car
4603,car
4604,car
4605,car
4606,goat
4607,goat
4608,goat
4609,car
4610,car
4611,car
4612,car
4613,car
4614,car
4615,car
4616,car
4617,car
4618,car
4619,car
4620,car
4621,goat
4622,car
4623,goat
4624,car
4625,car
4626,car
4627,car
4628,car
4629,goat
4630,car
4631,goat
4632,car
4633,car
4634,car
4635,car
4636,car
4637,goat
4638,car
4639,car
4640,car
4641,goat
4642,car
4643,goat
4644,car
4645,car
4646,goat
4647,car
4648,goat
4649,car
4650,goat
4651,goat
4652,car
4653,goat
4654,goat
4655,goat
4656,goat
4657,goat
4658,goat
4659,car
4660,goat
4661,goat
4662,goat
4663,car
4664,goat
4665,goat
4666,car
4667,car
4668,car
4669,goat
4670,car
4671,car
4672,car
4673,car
4674,goat
4675,car
4676,goat
4677,goat
4678,goat
4679,car
4680,car
4681,car
4682,car
4683,car
4684,car
4685,car
4686,car
4687,car
4688,car
4689,car
4690,goat
4691,goat
4692,goat
4693,car
4694,car
4695,goat
4696,car
4697,goat
4698,car
4699,car
4700,car
4701,car
4702,goat
4703,car
4704,goat
4705,goat
4706,car
4707,car
4708,car
4709,car
4710,goat
4711,car
4712,goat
4713,goat
4714,goat
4715,car
4716,car
4717,car
4718,goat
4719,goat
4720,car
4721,goat
4722,car
4723,goat
4724,car
4725,car
4726,goat
4727,car
4728,car
4729,goat
4730,car
4731,goat
4732,goat
4733,car
4734,goat
4735,goat
4736,goat
4737,car
4738,goat
4739,goat
4740,car
4741,car
4742,car
4743,car
4744,car
4745,goat
4746,goat
4747,goat
4748,car
4749,car
4750,car
4751,car
4752,car
4753,goat
4754,car
4755,car
4756,car
4757,car
4758,goat
4759,car
4760,goat
4761,goat
4762,goat
4763,car
4764,goat
4765,car
4766,car
4767,goat
4768,car
4769,car
4770,car
4771,car
4772,goat
4773,car
4774,goat
4775,goat
4776,goat
4777,car
4778,car
4779,car
4780,car
4781,car
4782,goat
4783,goat
4784,goat
4785,car
4786,goat
4787,car
4788,goat
4789,car
4790,car
4791,car
4792,car
4793,car
4794,goat
4795,car
4796,car
4797,goat
4798,car
4799,goat
4800,goat
4801,car
4802,car
4803,car
4804,car
4805,car
4806,goat
4807,car
4808,car
4809,car
4810,goat
4811,car
4812,goat
4813,goat
4814,car
4815,car
4816,car
4817,car
4818,car
4819,car
4820,goat
4821,car
4822,car
4823,car
4824,car
4825,goat
4826,car
4827,goat
4828,car
4829,car
4830,car
4831,goat
4832,car
4833,car
4834,car
4835,car
4836,car
4837,car
4838,car
4839,car
4840,car
4841,car
4842,car
4843,car
4844,goat
4845,car
4846,goat
4847,car
4848,car
4849,car
4850,car
4851,car
4852,goat
4853,goat
4854,car
4855,goat
4856,car
4857,car
4858,car
4859,goat
4860,car
4861,car
4862,goat
4863,car
4864,goat
4865,car
4866,goat
4867,car
4868,car
4869,goat
4870,goat
4871,car
4872,car
4873,car
4874,car
4875,car
4876,car
4877,goat
4878,car
4879,car
4880,goat
4881,car
4882,goat
4883,car
4884,car
4885,car
4886,goat
4887,car
4888,car
4889,car
4890,car
4891,goat
4892,goat
4893,car
4894,car
4895,car
4896,goat
4897,car
4898,goat
4899,car
4900,car
4901,car
4902,goat
4903,car
4904,car
4905,car
4906,car
4907,car
4908,car
4909,car
4910,car
4911,car
4912,car
4913,car
4914,goat
4915,car
4916,car
4917,car
4918,car
4919,car
4920,goat
4921,car
4922,goat
4923,goat
4924,car
4925,car
4926,car
4927,goat
4928,goat
4929,car
4930,car
4931,goat
4932,goat
4933,goat
4934,car
4935,goat
4936,car
4937,car
4938,car
4939,car
4940,car
4941,car
4942,car
4943,car
4944,car
4945,car
4946,car
4947,car
4948,car
4949,car
4950,car
4951,car
4952,car
4953,car
4954,car
4955,car
4956,goat
4957,car
4958,car
4959,car
4960,car
4961,goat
4962,goat
4963,car
4964,car
4965,car
4966,car
4967,car
4968,car
4969,goat
4970,car
4971,car
4972,car
4973,car
4974,car
4975,car
4976,car
4977,goat
4978,car
4979,goat
4980,car
4981,goat
4982,goat
4983,car
4984,goat
4985,car
4986,car
4987,goat
4988,car
4989,car
4990,car
4991,goat
4992,car
4993,car
4994,car
4995,car
4996,car
4997,car
4998,car
4999,car
5000,car
5001,car
5002,goat
5003,car
5004,car
5005,goat
5006,car
5007,car
5008,car
5009,goat
5010,goat
5011,goat
5012,car
5013,car
5014,car
5015,car
5016,goat
5017,car
5018,car
5019,car
5020,car
5021,car
5022,car
5023,car
5024,car
5025,goat
5026,goat
5027,goat
5028,car
5029,goat
5030,car
5031,car
5032,car
5033,car
5034,car
5035,car
5036,goat
5037,car
5038,goat
5039,car
5040,car
5041,car
5042,goat
5043,car
5044,car
5045,goat
5046,goat
5047,car
5048,goat
5049,car
5050,car
5051,goat
5052,car
5053,car
5054,goat
5055,goat
5056,goat
5057,car
5058,goat
5059,goat
5060,car
5061,goat
5062,car
5063,car
5064,car
5065,car
5066,car
5067,car
5068,car
5069,car
5070,car
5071,car
5072,car
5073,goat
5074,goat
5075,goat
5076,goat
5077,car
5078,car
5079,goat
5080,goat
5081,car
5082,car
5083,car
5084,car
5085,car
5086,goat
5087,car
5088,car
5089,car
5090,goat
5091,goat
5092,car
5093,car
5094,car
5095,goat
5096,goat
5097,goat
5098,car
5099,car
5100,goat
5101,car
5102,car
5103,car
5104,car
5105,car
5106,goat
5107,car
5108,car
5109,car
5110,goat
5111,car
5112,goat
5113,car
5114,goat
5115,car
5116,car
5117,car
5118,car
5119,car
5120,car
5121,goat
5122,car
5123,goat
5124,car
5125,car
5126,goat
5127,goat
5128,car
5129,car
5130,goat
5131,car
5132,car
5133,car
5134,goat
5135,car
5136,car
5137,car
5138,car
5139,goat
5140,car
5141,car
5142,car
5143,car
5144,car
5145,car
5146,car
5147,car
5148,goat
5149,car
5150,goat
5151,car
5152,goat
5153,car
5154,goat
5155,car
5156,car
5157,goat
5158,goat
5159,goat
5160,goat
5161,goat
5162,goat
5163,car
5164,goat
5165,car
5166,goat
5167,goat
5168,car
5169,car
5170,car
5171,goat
5172,car
5173,goat
5174,goat
5175,car
5176,goat
5177,car
5178,car
5179,goat
5180,car
5181,car
5182,car
5183,goat
5184,car
5185,car
5186,car
5187,goat
5188,goat
5189,car
5190,goat
5191,car
5192,car
5193,goat
5194,car
5195,car
5196,car
5197,goat
5198,goat
5199,goat
5200,car
5201,car
5202,car
5203,car
5204,goat
5205,car
5206,car
5207,car
5208,car
5209,car
5210,goat
5211,car
5212,car
5213,car
5214,car
5215,car
5216,car
5217,goat
5218,car
5219,goat
5220,goat
5221,car
5222,car
5223,car
5224,goat
5225,car
5226,goat
5227,goat
5228,car
5229,goat
5230,car
5231,goat
5232,goat
5233,car
5234,car
5235,goat
5236,goat
5237,car
5238,goat
5239,car
5240,goat
5241,goat
5242,goat
5243,goat
5244,car
5245,car
5246,car
5247,car
5248,car
5249,car
5250,goat
5251,goat
5252,goat
5253,car
5254,car
5255,goat
5256,car
5257,car
5258,car
5259,car
5260,goat
5261,car
5262,car
5263,car
5264,car
5265,car
5266,car
5267,car
5268,car
5269,car
5270,car
5271,goat
5272,car
5273,car
5274,car
5275,goat
5276,goat
5277,goat
5278,car
5279,car
5280,car
5281,car
5282,goat
5283,car
5284,car
5285,car
5286,car
5287,car
5288,car
5289,car
5290,goat
5291,car
5292,goat
5293,goat
5294,car
5295,car
5296,goat
5297,goat
5298,car
5299,goat
5300,goat
5301,car
5302,goat
5303,goat
5304,car
5305,goat
5306,car
5307,car
5308,car
5309,goat
5310,car
5311,car
5312,car
5313,car
5314,car
5315,car
5316,car
5317,car
5318,goat
5319,car
5320,goat
5321,goat
5322,goat
5323,goat
5324,car
5325,car
5326,car
5327,goat
5328,car
5329,car
5330,goat
5331,car
5332,car
5333,car
5334,car
5335,car
5336,car
5337,car
5338,goat
5339,car
5340,car
5341,car
5342,car
5343,car
5344,goat
5345,car
5346,goat
5347,goat
5348,car
5349,car
5350,goat
5351,car
5352,car
5353,car
5354,car
5355,car
5356,car
5357,car
5358,goat
5359,car
5360,car
5361,car
5362,car
5363,car
5364,car
5365,car
5366,goat
5367,goat
5368,car
5369,goat
5370,car
5371,car
5372,goat
5373,goat
5374,car
5375,car
5376,goat
5377,car
5378,goat
5379,car
5380,car
5381,goat
5382,goat
5383,goat
5384,car
5385,car
5386,goat
5387,car
5388,car
5389,goat
5390,car
5391,goat
5392,car
5393,car
5394,goat
5395,goat
5396,goat
5397,car
5398,car
5399,car
5400,car
5401,car
5402,goat
5403,goat
5404,car
5405,car
5406,goat
5407,goat
5408,car
5409,car
5410,goat
5411,goat
5412,car
5413,goat
5414,goat
5415,car
5416,goat
5417,goat
5418,car
5419,car
5420,goat
5421,car
5422,goat
5423,car
5424,goat
5425,car
5426,car
5427,goat
5428,car
5429,goat
5430,car
5431,car
5432,goat
5433,goat
5434,car
5435,car
5436,car
5437,car
5438,car
5439,car
5440,goat
5441,car
5442,goat
5443,goat
5444,car
5445,goat
5446,car
5447,car
5448,car
5449,car
5450,car
5451,car
5452,goat
5453,goat
5454,car
5455,car
5456,car
5457,car
5458,car
5459,car
5460,car
5461,car
5462,car
5463,car
5464,goat
5465,car
5466,car
5467,car
5468,goat
5469,goat
5470,car
5471,goat
5472,goat
5473,car
5474,car
5475,car
5476,car
5477,goat
5478,car
5479,car
5480,car
5481,goat
5482,car
5483,goat
5484,goat
5485,car
5486,car
5487,goat
5488,goat
5489,goat
5490,car
5491,car
5492,car
5493,car
5494,car
5495,car
5496,car
5497,car
5498,goat
5499,car
5500,goat
5501,car
5502,goat
5503,car
5504,car
5505,goat
5506,goat
5507,car
5508,car
5509,car
5510,goat
5511,car
5512,goat
5513,car
5514,car
5515,goat
5516,car
5517,car
5518,car
5519,car
5520,car
5521,car
5522,goat
5523,car
5524,car
5525,goat
5526,car
5527,goat
5528,goat
5529,goat
5530,car
5531,goat
5532,goat
5533,car
5534,car
5535,car
5536,goat
5537,goat
5538,car
5539,goat
5540,goat
5541,goat
5542,car
5543,car
5544,car
5545,car
5546,car
5547,car
5548,goat
5549,goat
5550,car
5551,goat
5552,car
5553,car
5554,goat
5555,car
5556,goat
5557,car
5558,car
5559,car
5560,car
5561,goat
5562,car
5563,car
5564,car
5565,car
5566,car
5567,car
5568,car
5569,car
5570,goat
5571,car
5572,goat
5573,car
5574,car
5575,car
5576,car
5577,car
5578,goat
5579,goat
5580,car
5581,car
5582,car
5583,goat
5584,car
5585,car
5586,car
5587,car
5588,goat
5589,goat
5590,car
5591,goat
5592,goat
5593,car
5594,car
5595,goat
5596,car
5597,car
5598,car
5599,car
5600,goat
5601,goat
5602,goat
5603,car
5604,car
5605,car
5606,car
5607,goat
5608,car
5609,car
5610,car
5611,car
5612,car
5613,car
5614,car
5615,car
5616,car
5617,car
5618,goat
5619,car
5620,goat
5621,car
5622,car
5623,car
5624,car
5625,car
5626,car
5627,goat
5628,car
5629,car
5630,car
5631,car
5632,car
5633,goat
5634,car
5635,car
5636,goat
5637,car
5638,car
5639,car
5640,car
5641,car
5642,car
5643,car
5644,car
5645,car
5646,car
5647,car
5648,car
5649,goat
5650,goat
5651,car
5652,goat
5653,car
5654,goat
5655,car
5656,car
5657,car
5658,goat
5659,goat
5660,goat
5661,car
5662,car
5663,car
5664,car
5665,goat
5666,goat
5667,car
5668,car
5669,car
5670,car
5671,car
5672,goat
5673,goat
5674,goat
5675,goat
5676,car
5677,car
5678,goat
5679,car
5680,goat
5681,goat
5682,car
5683,car
5684,goat
5685,car
5686,car
5687,goat
5688,car
5689,goat
5690,goat
5691,goat
5692,car
5693,goat
5694,car
5695,goat
5696,goat
5697,goat
5698,car
5699,goat
5700,car
5701,car
5702,car
5703,goat
5704,goat
5705,car
5706,car
5707,car
5708,car
5709,goat
5710,car
5711,car
5712,car
5713,car
5714,car
5715,goat
5716,car
5717,car
5718,car
5719,goat
5720,goat
5721,goat
5722,car
5723,goat
5724,car
5725,goat
5726,goat
5727,goat
5728,car
5729,car
5730,car
5731,car
5732,goat
5733,goat
5734,car
5735,car
5736,goat
5737,car
5738,car
5739,goat
5740,car
5741,car
5742,goat
5743,car
5744,goat
5745,car
5746,car
5747,car
5748,car
5749,car
5750,car
5751,car
5752,car
5753,car
5754,goat
5755,car
5756,car
5757,car
5758,car
5759,car
5760,goat
5761,car
5762,car
5763,car
5764,goat
5765,car
5766,car
5767,goat
5768,car
5769,car
5770,car
5771,car
5772,car
5773,car
5774,car
5775,car
5776,car
5777,car
5778,car
5779,goat
5780,goat
5781,car
5782,car
5783,car
5784,goat
5785,car
5786,goat
5787,car
5788,goat
5789,goat
5790,car
5791,goat
5792,goat
5793,car
5794,car
5795,car
5796,car
5797,goat
5798,goat
5799,car
5800,goat
5801,car
5802,car
5803,goat
5804,car
5805,car
5806,goat
5807,goat
5808,car
5809,goat
5810,car
5811,goat
5812,car
5813,goat
5814,car
5815,car
5816,car
5817,goat
5818,car
5819,car
5820,car
5821,car
5822,car
5823,goat
5824,goat
5825,goat
5826,car
5827,car
5828,car
5829,goat
5830,car
5831,car
5832,goat
5833,car
5834,goat
5835,car
5836,car
5837,car
5838,goat
5839,car
5840,car
5841,car
5842,car
5843,goat
5844,goat
5845,goat
5846,car
5847,car
5848,goat
5849,car
5850,car
5851,goat
5852,car
5853,car
5854,car
5855,car
5856,car
5857,goat
5858,car
5859,car
5860,car
5861,goat
5862,car
5863,goat
5864,car
5865,car
5866,car
5867,goat
5868,car
5869,car
5870,car
5871,car
5872,car
5873,car
5874,goat
5875,car
5876,goat
5877,car
5878,goat
5879,car
5880,car
5881,car
5882,car
5883,car
5884,car
5885,car
5886,car
5887,car
5888,goat
5889,car
5890,car
5891,car
5892,goat
5893,car
5894,car
5895,car
5896,car
5897,goat
5898,car
5899,goat
5900,car
5901,car
5902,car
5903,goat
5904,car
5905,car
5906,car
5907,car
5908,car
5909,goat
5910,car
5911,car
5912,car
5913,car
5914,car
5915,goat
5916,car
5917,car
5918,car
5919,goat
5920,car
5921,car
5922,car
5923,goat
5924,car
5925,goat
5926,car
5927,car
5928,goat
5929,car
5930,goat
5931,car
5932,car
5933,car
5934,car
5935,car
5936,car
5937,goat
5938,car
5939,car
5940,goat
5941,goat
5942,car
5943,car
5944,car
5945,goat
5946,goat
5947,car
5948,car
5949,car
5950,goat
5951,goat
5952,goat
5953,car
5954,goat
5955,goat
5956,car
5957,goat
5958,car
5959,car
5960,car
5961,car
5962,car
5963,car
5964,car
5965,car
5966,car
5967,car
5968,car
5969,goat
5970,goat
5971,car
5972,car
5973,goat
5974,goat
5975,car
5976,car
5977,car
5978,car
5979,car
5980,car
5981,car
5982,car
5983,goat
5984,car
5985,car
5986,car
5987,car
5988,goat
5989,car
5990,car
5991,goat
5992,car
5993,goat
5994,car
5995,car
5996,goat
5997,car
5998,goat
5999,goat
6000,car
6001,car
6002,goat
6003,car
6004,goat
6005,car
6006,car
6007,goat
6008,goat
6009,car
6010,car
6011,car
6012,car
6013,car
6014,goat
6015,car
6016,car
6017,goat
6018,car
6019,car
6020,car
6021,goat
6022,car
6023,car
6024,car
6025,goat
6026,goat
6027,car
6028,goat
6029,goat
6030,goat
6031,goat
6032,car
6033,car
6034,car
6035,car
6036,car
6037,car
6038,goat
6039,car
6040,car
6041,goat
6042,car
6043,goat
6044,goat
6045,car
6046,goat
6047,car
6048,goat
6049,goat
6050,goat
6051,goat
6052,car
6053,car
6054,car
6055,goat
6056,goat
6057,goat
6058,goat
6059,car
6060,goat
6061,car
6062,car
6063,car
6064,goat
6065,car
6066,goat
6067,car
6068,goat
6069,car
6070,car
6071,car
6072,goat
6073,car
6074,goat
6075,car
6076,goat
6077,car
6078,goat
6079,car
6080,goat
6081,car
6082,car
6083,car
6084,car
6085,car
6086,car
6087,goat
6088,car
6089,car
6090,car
6091,car
6092,car
6093,car
6094,car
6095,car
6096,car
6097,goat
6098,goat
6099,goat
6100,goat
6101,car
6102,car
6103,car
6104,car
6105,goat
6106,goat
6107,car
6108,car
6109,car
6110,car
6111,goat
6112,goat
6113,car
6114,goat
6115,goat
6116,goat
6117,car
6118,car
6119,goat
6120,car
6121,car
6122,car
6123,car
6124,goat
6125,car
6126,goat
6127,car
6128,goat
6129,goat
6130,car
6131,goat
6132,car
6133,goat
6134,car
6135,car
6136,car
6137,goat
6138,car
6139,car
6140,car
6141,goat
6142,car
6143,goat
6144,car
6145,car
6146,car
6147,car
6148,car
6149,car
6150,car
6151,car
6152,car
6153,car
6154,car
6155,goat
6156,car
6157,goat
6158,car
6159,car
6160,car
6161,goat
6162,car
6163,goat
6164,car
6165,goat
6166,car
6167,goat
6168,goat
6169,car
6170,car
6171,car
6172,car
6173,goat
6174,goat
6175,car
6176,goat
6177,car
6178,goat
6179,car
6180,goat
6181,goat
6182,goat
6183,goat
6184,goat
6185,car
6186,goat
6187,car
6188,goat
6189,goat
6190,car
6191,car
6192,goat
6193,car
6194,car
6195,goat
6196,car
6197,car
6198,car
6199,goat
6200,car
6201,car
6202,car
6203,car
6204,car
6205,goat
6206,car
6207,goat
6208,car
6209,goat
6210,car
6211,car
6212,car
6213,goat
6214,car
6215,car
6216,goat
6217,goat
6218,goat
6219,car
6220,car
6221,car
6222,car
6223,car
6224,car
6225,car
6226,car
6227,goat
6228,car
6229,goat
6230,car
6231,car
6232,goat
6233,goat
6234,goat
6235,goat
6236,goat
6237,goat
6238,car
6239,car
6240,car
6241,car
6242,car
6243,car
6244,car
6245,car
6246,goat
6247,goat
6248,car
6249,car
6250,car
6251,car
6252,car
6253,car
6254,goat
6255,car
6256,goat
6257,car
6258,goat
6259,car
6260,goat
6261,car
6262,car
6263,car
6264,car
6265,car
6266,car
6267,car
6268,car
6269,car
6270,car
6271,goat
6272,car
6273,car
6274,car
6275,car
6276,goat
6277,goat
6278,car
6279,car
6280,car
6281,car
6282,goat
6283,goat
6284,car
6285,car
6286,car
6287,car
6288,car
6289,goat
6290,car
6291,car
6292,car
6293,car
6294,car
6295,goat
6296,car
6297,car
6298,car
6299,car
6300,car
6301,goat
6302,car
6303,goat
6304,car
6305,car
6306,car
6307,car
6308,goat
6309,goat
6310,car
6311,car
6312,car
6313,car
6314,car
6315,car
6316,goat
6317,car
6318,goat
6319,goat
6320,goat
6321,goat
6322,goat
6323,car
6324,car
6325,goat
6326,car
6327,car
6328,goat
6329,car
6330,goat
6331,car
6332,car
6333,car
6334,car
6335,car
6336,car
6337,car
6338,goat
6339,car
6340,goat
6341,car
6342,car
6343,car
6344,car
6345,car
6346,car
6347,goat
6348,goat
6349,car
6350,car
6351,car
6352,car
6353,goat
6354,car
6355,car
6356,car
6357,car
6358,car
6359,goat
6360,car
6361,car
6362,goat
6363,car
6364,car
6365,goat
6366,car
6367,car
6368,car
6369,car
6370,car
6371,goat
6372,car
6373,car
6374,goat
6375,car
6376,car
6377,goat
6378,goat
6379,car
6380,goat
6381,goat
6382,goat
6383,car
6384,goat
6385,car
6386,goat
6387,car
6388,car
6389,car
6390,car
6391,car
6392,car
6393,goat
6394,goat
6395,car
6396,goat
6397,goat
6398,car
6399,goat
6400,car
6401,goat
6402,goat
6403,car
6404,car
6405,car
6406,car
6407,car
6408,car
6409,car
6410,goat
6411,goat
6412,car
6413,goat
6414,goat
6415,goat
6416,goat
6417,car
6418,car
6419,car
6420,car
6421,goat
6422,car
6423,goat
6424,car
6425,goat
6426,car
6427,car
6428,goat
6429,car
6430,car
6431,car
6432,car
6433,car
6434,car
6435,car
6436,car
6437,car
6438,goat
6439,car
6440,goat
6441,car
6442,car
6443,car
6444,goat
6445,car
6446,goat
6447,goat
6448,car
6449,car
6450,car
6451,car
6452,car
6453,car
6454,car
6455,car
6456,car
6457,car
6458,car
6459,car
6460,car
6461,car
6462,goat
6463,car
6464,car
6465,car
6466,car
6467,goat
6468,goat
6469,car
6470,goat
6471,goat
6472,goat
6473,car
6474,goat
6475,car
6476,car
6477,car
6478,car
6479,car
6480,car
6481,car
6482,car
6483,car
6484,goat
6485,car
6486,car
6487,goat
6488,car
6489,goat
6490,goat
6491,goat
6492,goat
6493,car
6494,car
6495,goat
6496,car
6497,car
6498,goat
6499,goat
6500,car
6501,goat
6502,goat
6503,goat
6504,car
6505,goat
6506,car
6507,car
6508,car
6509,car
6510,car
6511,car
6512,goat
6513,car
6514,car
6515,car
6516,car
6517,car
6518,car
6519,car
6520,car
6521,car
6522,goat
6523,car
6524,car
6525,goat
6526,car
6527,car
6528,goat
6529,goat
6530,car
6531,goat
6532,goat
6533,car
6534,car
6535,car
6536,car
6537,car
6538,car
6539,car
6540,car
6541,car
6542,car
6543,car
6544,car
6545,car
6546,goat
6547,car
6548,car
6549,car
6550,car
6551,goat
6552,goat
6553,car
6554,car
6555,goat
6556,car
6557,car
6558,car
6559,car
6560,goat
6561,car
6562,car
6563,goat
6564,car
6565,car
6566,car
6567,car
6568,car
6569,car
6570,car
6571,car
6572,car
6573,car
6574,car
6575,car
6576,car
6577,car
6578,car
6579,car
6580,goat
6581,goat
6582,goat
6583,car
6584,car
6585,goat
6586,goat
6587,car
6588,goat
6589,car
6590,goat
6591,goat
6592,car
6593,car
6594,goat
6595,goat
6596,car
6597,car
6598,goat
6599,car
6600,car
6601,car
6602,car
6603,car
6604,car
6605,car
6606,goat
6607,car
6608,car
6609,car
6610,goat
6611,goat
6612,car
6613,goat
6614,goat
6615,car
6616,car
6617,car
6618,goat
6619,car
6620,car
6621,car
6622,car
6623,car
6624,car
6625,goat
6626,goat
6627,goat
6628,car
6629,car
6630,goat
6631,car
6632,car
6633,goat
6634,goat
6635,car
6636,goat
6637,goat
6638,goat
6639,car
6640,car
6641,car
6642,car
6643,car
6644,goat
6645,car
6646,goat
6647,car
6648,car
6649,car
6650,goat
6651,car
6652,goat
6653,car
6654,goat
6655,car
6656,goat
6657,car
6658,goat
6659,car
6660,car
6661,car
6662,car
6663,goat
6664,car
6665,car
6666,car
6667,car
6668,car
6669,goat
6670,car
6671,car
6672,goat
6673,goat
6674,goat
6675,car
6676,goat
6677,goat
6678,car
6679,car
6680,goat
6681,car
6682,car
6683,goat
6684,car
6685,car
6686,car
6687,car
6688,goat
6689,car
6690,car
6691,goat
6692,car
6693,goat
6694,goat
6695,car
6696,car
6697,car
6698,car
6699,car
6700,car
6701,goat
6702,goat
6703,goat
6704,goat
6705,car
6706,car
6707,car
6708,car
6709,car
6710,car
6711,car
6712,goat
6713,car
6714,goat
6715,car
6716,car
6717,goat
6718,car
6719,car
6720,car
6721,car
6722,car
6723,car
6724,goat
6725,car
6726,goat
6727,goat
6728,car
6729,car
6730,car
6731,car
6732,goat
6733,goat
6734,car
6735,car
6736,goat
6737,car
6738,goat
6739,car
6740,car
6741,car
6742,goat
6743,goat
6744,car
6745,car
6746,car
6747,goat
6748,goat
6749,car
6750,goat
6751,car
6752,car
6753,car
6754,car
6755,car
6756,car
6757,goat
6758,car
6759,car
6760,car
6761,car
6762,car
6763,car
6764,car
6765,car
6766,car
6767,goat
6768,goat
6769,car
6770,car
6771,car
6772,goat
6773,car
6774,car
6775,goat
6776,car
6777,goat
6778,car
6779,goat
6780,car
6781,car
6782,car
6783,car
6784,car
6785,goat
6786,goat
6787,car
6788,goat
6789,car
6790,car
6791,car
6792,car
6793,car
6794,car
6795,car
6796,car
6797,goat
6798,car
6799,goat
6800,car
6801,goat
6802,car
6803,goat
6804,car
6805,goat
6806,car
6807,car
6808,goat
6809,car
6810,car
6811,car
6812,car
6813,car
6814,car
6815,car
6816,car
6817,car
6818,car
6819,car
6820,goat
6821,car
6822,goat
6823,car
6824,car
6825,goat
6826,goat
6827,car
6828,car
6829,goat
6830,car
6831,car
6832,goat
6833,goat
6834,car
6835,car
6836,goat
6837,car
6838,goat
6839,car
6840,car
6841,car
6842,goat
6843,goat
6844,goat
6845,goat
6846,car
6847,car
6848,car
6849,goat
6850,goat
6851,car
6852,goat
6853,car
6854,car
6855,car
6856,goat
6857,car
6858,goat
6859,goat
6860,car
6861,car
6862,goat
6863,car
6864,car
6865,car
6866,car
6867,goat
6868,goat
6869,goat
6870,car
6871,car
6872,goat
6873,goat
6874,car
6875,car
6876,goat
6877,car
6878,goat
6879,goat
6880,goat
6881,car
6882,goat
6883,car
6884,goat
6885,goat
6886,goat
6887,car
6888,car
6889,car
6890,car
6891,goat
6892,car
6893,goat
6894,goat
6895,car
6896,goat
6897,car
6898,car
6899,goat
6900,car
6901,car
6902,car
6903,car
6904,goat
6905,car
6906,goat
6907,car
6908,car
6909,car
6910,car
6911,car
6912,car
6913,car
6914,car
6915,goat
6916,goat
6917,car
6918,car
6919,car
6920,goat
6921,goat
6922,car
6923,car
6924,car
6925,car
6926,car
6927,car
6928,goat
6929,goat
6930,goat
6931,car
6932,goat
6933,car
6934,car
6935,car
6936,car
6937,car
6938,goat
6939,goat
6940,goat
6941,car
6942,goat
6943,car
6944,car
6945,car
6946,car
6947,car
6948,car
6949,car
6950,car
6951,car
6952,car
6953,goat
6954,car
6955,goat
6956,car
6957,car
6958,car
6959,car
6960,car
6961,car
6962,car
6963,car
6964,goat
6965,car
6966,goat
6967,goat
6968,car
6969,car
6970,car
6971,car
6972,goat
6973,car
6974,goat
6975,car
6976,car
6977,car
6978,car
6979,goat
6980,goat
6981,car
6982,car
6983,car
6984,car
6985,goat
6986,goat
6987,car
6988,car
6989,goat
6990,car
6991,goat
6992,car
6993,car
6994,car
6995,car
6996,goat
6997,car
6998,goat
6999,car
7000,goat
7001,car
7002,car
7003,goat
7004,car
7005,goat
7006,car
7007,car
7008,car
7009,car
7010,car
7011,car
7012,car
7013,goat
7014,car
7015,car
7016,goat
7017,car
7018,car
7019,car
7020,car
7021,goat
7022,car
7023,car
7024,goat
7025,car
7026,goat
7027,car
7028,car
7029,car
7030,goat
7031,car
7032,car
7033,car
7034,goat
7035,car
7036,car
7037,car
7038,car
7039,goat
7040,car
7041,goat
7042,car
7043,car
7044,car
7045,goat
7046,car
7047,car
7048,car
7049,car
7050,car
7051,car
7052,goat
7053,goat
7054,car
7055,car
7056,car
7057,car
7058,car
7059,goat
7060,car
7061,car
7062,car
7063,car
7064,car
7065,goat
7066,car
7067,car
7068,car
7069,goat
7070,car
7071,car
7072,goat
7073,car
7074,car
7075,car
7076,goat
7077,car
7078,car
7079,car
7080,car
7081,car
7082,car
7083,car
7084,car
7085,goat
7086,goat
7087,car
7088,car
7089,car
7090,goat
7091,car
7092,goat
7093,car
7094,goat
7095,goat
7096,car
7097,goat
7098,car
7099,car
7100,car
7101,car
7102,car
7103,car
7104,car
7105,car
7106,car
7107,car
7108,car
7109,goat
7110,car
7111,car
7112,goat
7113,car
7114,car
7115,goat
7116,car
7117,car
7118,car
7119,car
7120,car
7121,car
7122,car
7123,car
7124,car
7125,goat
7126,car
7127,car
7128,car
7129,car
7130,goat
7131,car
7132,car
7133,goat
7134,goat
7135,car
7136,car
7137,goat
7138,car
7139,goat
7140,goat
7141,car
7142,car
7143,car
7144,goat
7145,car
7146,goat
7147,goat
7148,goat
7149,car
7150,car
7151,car
7152,car
7153,goat
7154,car
7155,car
7156,car
7157,car
7158,car
7159,goat
7160,goat
7161,goat
7162,goat
7163,goat
7164,car
7165,car
7166,car
7167,car
7168,car
7169,goat
7170,goat
7171,car
7172,goat
7173,car
7174,car
7175,goat
7176,car
7177,car
7178,car
7179,car
7180,car
7181,goat
7182,goat
7183,car
7184,car
7185,car
7186,goat
7187,goat
7188,car
7189,car
7190,goat
7191,car
7192,car
7193,car
7194,car
7195,car
7196,goat
7197,goat
7198,car
7199,car
7200,goat
7201,car
7202,car
7203,goat
7204,goat
7205,car
7206,car
7207,car
7208,goat
7209,car
7210,goat
7211,goat
7212,goat
7213,goat
7214,car
7215,car
7216,car
7217,car
7218,car
7219,car
7220,car
7221,goat
7222,car
7223,car
7224,goat
7225,car
7226,car
7227,car
7228,car
7229,car
7230,car
7231,car
7232,goat
7233,goat
7234,car
7235,car
7236,car
7237,car
7238,car
7239,goat
7240,car
7241,car
7242,goat
7243,goat
7244,car
7245,car
7246,goat
7247,car
7248,goat
7249,car
7250,goat
7251,goat
7252,car
7253,car
7254,goat
7255,goat
7256,car
7257,car
7258,goat
7259,goat
7260,car
7261,goat
7262,car
7263,goat
7264,car
7265,car
7266,car
7267,car
7268,car
7269,car
7270,car
7271,goat
7272,car
7273,goat
7274,car
7275,car
7276,car
7277,car
7278,car
7279,car
7280,goat
7281,car
7282,goat
7283,car
7284,car
7285,goat
7286,goat
7287,car
7288,car
7289,car
7290,car
7291,car
7292,goat
7293,goat
7294,car
7295,car
7296,goat
7297,goat
7298,goat
7299,car
7300,car
7301,car
7302,car
7303,car
7304,car
7305,car
7306,car
7307,car
7308,goat
7309,car
7310,car
7311,car
7312,car
7313,car
7314,goat
7315,car
7316,goat
7317,goat
7318,car
7319,car
7320,goat
7321,car
7322,car
7323,car
7324,car
7325,car
7326,goat
7327,goat
7328,car
7329,car
7330,car
7331,car
7332,car
7333,car
7334,car
7335,goat
7336,car
7337,goat
7338,goat
7339,goat
7340,goat
7341,car
7342,goat
7343,goat
7344,car
7345,car
7346,car
7347,car
7348,car
7349,car
7350,car
7351,car
7352,car
7353,goat
7354,car
7355,car
7356,car
7357,goat
7358,car
7359,car
7360,car
7361,car
7362,goat
7363,goat
7364,goat
7365,goat
7366,goat
7367,goat
7368,car
7369,goat
7370,goat
7371,goat
7372,car
7373,car
7374,goat
7375,car
7376,goat
7377,goat
7378,car
7379,car
7380,car
7381,car
7382,goat
7383,car
7384,car
7385,goat
7386,car
7387,car
7388,car
7389,car
7390,car
7391,goat
7392,car
7393,goat
7394,goat
7395,car
7396,goat
7397,goat
7398,goat
7399,car
7400,car
7401,goat
7402,car
7403,goat
7404,goat
7405,goat
7406,car
7407,goat
7408,car
7409,goat
7410,goat
7411,goat
7412,car
7413,goat
7414,car
7415,car
7416,car
7417,car
7418,car
7419,car
7420,car
7421,goat
7422,goat
7423,car
7424,goat
7425,car
7426,goat
7427,car
7428,car
7429,goat
7430,car
7431,goat
7432,car
7433,car
7434,goat
7435,car
7436,goat
7437,car
7438,car
7439,car
7440,car
7441,car
7442,goat
7443,car
7444,car
7445,car
7446,goat
7447,car
7448,car
7449,goat
7450,goat
7451,car
7452,car
7453,car
7454,car
7455,car
7456,car
7457,goat
7458,goat
7459,car
7460,goat
7461,goat
7462,goat
7463,car
7464,car
7465,goat
7466,car
7467,car
7468,car
7469,car
7470,goat
7471,car
7472,car
7473,goat
7474,car
7475,car
7476,car
7477,goat
7478,car
7479,car
7480,car
7481,goat
7482,car
7483,goat
7484,car
7485,car
7486,car
7487,goat
7488,goat
7489,car
7490,car
7491,goat
7492,goat
7493,car
7494,goat
7495,car
7496,car
7497,car
7498,car
7499,car
7500,car
7501,car
7502,car
7503,car
7504,car
7505,car
7506,car
7507,car
7508,goat
7509,goat
7510,car
7511,goat
7512,car
7513,car
7514,car
7515,goat
7516,car
7517,car
7518,car
7519,car
7520,goat
7521,car
7522,car
7523,car
7524,car
7525,car
7526,car
7527,car
7528,car
7529,goat
7530,goat
7531,goat
7532,car
7533,car
7534,car
7535,car
7536,car
7537,goat
7538,car
7539,car
7540,car
7541,goat
7542,car
7543,car
7544,car
7545,car
7546,car
7547,car
7548,goat
7549,goat
7550,car
7551,car
7552,car
7553,goat
7554,car
7555,goat
7556,car
7557,goat
7558,car
7559,car
7560,goat
7561,goat
7562,car
7563,goat
7564,goat
7565,car
7566,car
7567,car
7568,car
7569,goat
7570,car
7571,car
7572,car
7573,car
7574,goat
7575,goat
7576,car
7577,goat
7578,goat
7579,goat
7580,goat
7581,car
7582,car
7583,car
7584,car
7585,goat
7586,car
7587,car
7588,car
7589,car
7590,car
7591,car
7592,goat
7593,goat
7594,car
7595,car
7596,car
7597,car
7598,goat
7599,car
7600,car
7601,car
7602,car
7603,goat
7604,car
7605,car
7606,car
7607,car
7608,goat
7609,goat
7610,car
7611,car
7612,goat
7613,car
7614,car
7615,car
7616,car
7617,car
7618,goat
7619,car
7620,car
7621,goat
7622,goat
7623,car
7624,goat
7625,car
7626,car
7627,car
7628,goat
7629,goat
7630,car
7631,car
7632,car
7633,car
7634,car
7635,goat
7636,goat
7637,goat
7638,car
7639,car
7640,car
7641,car
7642,car
7643,car
7644,car
7645,goat
7646,car
7647,car
7648,goat
7649,goat
7650,car
7651,goat
7652,goat
7653,goat
7654,car
7655,goat
7656,car
7657,car
7658,car
7659,car
7660,car
7661,goat
7662,car
7663,goat
7664,car
7665,goat
7666,car
7667,car
7668,car
7669,goat
7670,car
7671,goat
7672,car
7673,goat
7674,car
7675,car
7676,car
7677,car
7678,car
7679,car
7680,car
7681,goat
7682,goat
7683,goat
7684,car
7685,goat
7686,car
7687,car
7688,car
7689,goat
7690,car
7691,goat
7692,car
7693,goat
7694,car
7695,car
7696,car
7697,goat
7698,car
7699,car
7700,car
7701,car
7702,car
7703,car
7704,car
7705,car
7706,car
7707,car
7708,car
7709,car
7710,car
7711,car
7712,car
7713,goat
7714,goat
7715,car
7716,car
7717,goat
7718,car
7719,goat
7720,car
7721,car
7722,goat
7723,car
7724,car
7725,goat
7726,car
7727,car
7728,goat
7729,car
7730,car
7731,car
7732,goat
7733,car
7734,car
7735,car
7736,car
7737,goat
7738,car
7739,car
7740,car
7741,car
7742,car
7743,goat
7744,goat
7745,car
7746,car
7747,car
7748,car
7749,car
7750,car
7751,goat
7752,car
7753,car
7754,goat
7755,car
7756,goat
7757,car
7758,car
7759,car
7760,car
7761,car
7762,goat
7763,goat
7764,goat
7765,car
7766,goat
7767,goat
7768,car
7769,car
7770,goat
7771,car
7772,car
7773,car
7774,goat
7775,goat
7776,goat
7777,goat
7778,car
7779,goat
7780,car
7781,car
7782,goat
7783,car
7784,car
7785,car
7786,car
7787,car
7788,car
7789,goat
7790,car
7791,car
7792,car
7793,car
7794,car
7795,car
7796,car
7797,car
7798,car
7799,car
7800,car
7801,goat
7802,car
7803,car
7804,car
7805,goat
7806,car
7807,goat
7808,car
7809,car
7810,goat
7811,goat
7812,car
7813,goat
7814,car
7815,car
7816,car
7817,car
7818,car
7819,car
7820,goat
7821,car
7822,car
7823,goat
7824,car
7825,car
7826,car
7827,car
7828,car
7829,car
7830,car
7831,car
7832,car
7833,car
7834,car
7835,car
7836,goat
7837,car
7838,goat
7839,car
7840,car
7841,car
7842,goat
7843,car
7844,car
7845,goat
7846,car
7847,car
7848,goat
7849,car
7850,goat
7851,car
7852,car
7853,car
7854,car
7855,car
7856,car
7857,car
7858,goat
7859,car
7860,goat
7861,car
7862,goat
7863,car
7864,car
7865,car
7866,car
7867,car
7868,car
7869,car
7870,car
7871,car
7872,car
7873,goat
7874,car
7875,car
7876,car
7877,goat
7878,car
7879,goat
7880,car
7881,goat
7882,car
7883,car
7884,goat
7885,car
7886,car
7887,goat
7888,car
7889,goat
7890,car
7891,car
7892,car
7893,car
7894,car
7895,car
7896,car
7897,car
7898,car
7899,goat
7900,goat
7901,car
7902,goat
7903,goat
7904,car
7905,car
7906,car
7907,car
7908,car
7909,car
7910,car
7911,goat
7912,car
7913,car
7914,car
7915,car
7916,car
7917,car
7918,car
7919,car
7920,goat
7921,car
7922,goat
7923,goat
7924,car
7925,goat
7926,goat
7927,car
7928,car
7929,car
7930,car
7931,car
7932,car
7933,goat
7934,car
7935,car
7936,goat
7937,goat
7938,car
7939,goat
7940,goat
7941,car
7942,car
7943,car
7944,goat
7945,car
7946,car
7947,car
7948,car
7949,car
7950,car
7951,car
7952,car
7953,goat
7954,car
7955,car
7956,car
7957,car
7958,goat
7959,goat
7960,car
7961,car
7962,car
7963,goat
7964,car
7965,goat
7966,car
7967,car
7968,car
7969,car
7970,car
7971,car
7972,goat
7973,goat
7974,car
7975,car
7976,car
7977,car
7978,car
7979,car
7980,car
7981,car
7982,goat
7983,car
7984,goat
7985,goat
7986,car
7987,car
7988,car
7989,car
7990,car
7991,goat
7992,car
7993,car
7994,car
7995,car
7996,goat
7997,car
7998,car
7999,car
8000,car
8001,car
8002,goat
8003,car
8004,car
8005,goat
8006,car
8007,car
8008,goat
8009,goat
8010,car
8011,car
8012,car
8013,car
8014,car
8015,car
8016,goat
8017,goat
8018,car
8019,goat
8020,car
8021,car
8022,car
8023,car
8024,car
8025,car
8026,goat
8027,car
8028,car
8029,car
8030,car
8031,car
8032,car
8033,car
8034,car
8035,goat
8036,goat
8037,goat
8038,car
8039,car
8040,goat
8041,car
8042,car
8043,car
8044,car
8045,car
8046,car
8047,goat
8048,car
8049,car
8050,car
8051,goat
8052,car
8053,car
8054,goat
8055,car
8056,goat
8057,car
8058,car
8059,car
8060,car
8061,car
8062,goat
8063,goat
8064,car
8065,car
8066,car
8067,car
8068,car
8069,goat
8070,car
8071,car
8072,car
8073,car
8074,car
8075,goat
8076,goat
8077,car
8078,car
8079,car
8080,car
8081,car
8082,car
8083,car
8084,car
8085,car
8086,goat
8087,goat
8088,car
8089,car
8090,goat
8091,car
8092,car
8093,goat
8094,goat
8095,car
8096,car
8097,car
8098,car
8099,car
8100,car
8101,car
8102,car
8103,car
8104,car
8105,car
8106,car
8107,car
8108,car
8109,goat
8110,goat
8111,car
8112,goat
8113,car
8114,car
8115,car
8116,car
8117,goat
8118,car
8119,car
8120,goat
8121,goat
8122,car
8123,car
8124,goat
8125,car
8126,goat
8127,goat
8128,car
8129,goat
8130,car
8131,car
8132,car
8133,goat
8134,car
8135,goat
8136,car
8137,car
8138,goat
8139,goat
8140,goat
8141,goat
8142,car
8143,car
8144,goat
8145,car
8146,goat
8147,car
8148,goat
8149,car
8150,car
8151,car
8152,car
8153,goat
8154,goat
8155,car
8156,car
8157,car
8158,car
8159,car
8160,car
8161,goat
8162,car
8163,car
8164,goat
8165,car
8166,goat
8167,car
8168,goat
8169,goat
8170,car
8171,goat
8172,goat
8173,car
8174,goat
8175,car
8176,car
8177,goat
8178,car
8179,goat
8180,car
8181,car
8182,car
8183,car
8184,car
8185,car
8186,car
8187,car
8188,car
8189,goat
8190,goat
8191,car
8192,goat
8193,goat
8194,car
8195,car
8196,car
8197,car
8198,goat
8199,car
8200,goat
8201,goat
8202,car
8203,car
8204,goat
8205,car
8206,car
8207,goat
8208,car
8209,goat
8210,car
8211,car
8212,car
8213,car
8214,car
8215,car
8216,car
8217,car
8218,car
8219,car
8220,car
8221,car
8222,car
8223,goat
8224,goat
8225,goat
8226,car
8227,car
8228,car
8229,car
8230,car
8231,goat
8232,car
8233,car
8234,car
8235,car
8236,car
8237,car
8238,car
8239,car
8240,car
8241,goat
8242,car
8243,car
8244,car
8245,car
8246,car
8247,goat
8248,car
8249,car
8250,car
8251,car
8252,car
8253,car
8254,car
8255,car
8256,goat
8257,car
8258,car
8259,goat
8260,goat
8261,car
8262,car
8263,goat
8264,car
8265,car
8266,car
8267,goat
8268,car
8269,goat
8270,goat
8271,car
8272,car
8273,car
8274,car
8275,car
8276,goat
8277,goat
8278,goat
8279,car
8280,car
8281,car
8282,car
8283,goat
8284,car
8285,goat
8286,goat
8287,goat
8288,car
8289,goat
8290,car
8291,car
8292,car
8293,car
8294,car
8295,car
8296,goat
8297,goat
8298,car
8299,car
8300,car
8301,car
8302,car
8303,car
8304,car
8305,car
8306,car
8307,car
8308,car
8309,car
8310,car
8311,car
8312,goat
8313,car
8314,car
8315,goat
8316,car
8317,car
8318,goat
8319,car
8320,goat
8321,car
8322,car
8323,car
8324,goat
8325,car
8326,goat
8327,goat
8328,car
8329,goat
8330,goat
8331,car
8332,car
8333,car
8334,car
8335,car
8336,car
8337,car
8338,goat
8339,goat
8340,car
8341,goat
8342,car
8343,car
8344,car
8345,goat
8346,car
8347,car
8348,goat
8349,car
8350,car
8351,goat
8352,goat
8353,car
8354,car
8355,goat
8356,car
8357,car
8358,car
8359,car
8360,car
8361,goat
8362,car
8363,car
8364,car
8365,car
8366,car
8367,goat
8368,car
8369,car
8370,car
8371,goat
8372,car
8373,car
8374,car
8375,car
8376,car
8377,car
8378,car
8379,car
8380,goat
8381,car
8382,car
8383,car
8384,car
8385,car
8386,goat
8387,goat
8388,goat
8389,car
8390,car
8391,goat
8392,goat
8393,car
8394,goat
8395,goat
8396,car
8397,car
8398,car
8399,car
8400,goat
8401,car
8402,car
8403,goat
8404,car
8405,car
8406,car
8407,car
8408,goat
8409,car
8410,car
8411,car
8412,car
8413,goat
8414,goat
8415,goat
8416,car
8417,car
8418,goat
8419,car
8420,goat
8421,car
8422,car
8423,goat
8424,car
8425,car
8426,car
8427,goat
8428,goat
8429,car
8430,car
8431,goat
8432,car
8433,goat
8434,goat
8435,car
8436,car
8437,car
8438,goat
8439,goat
8440,goat
8441,car
8442,car
8443,goat
8444,goat
8445,goat
8446,car
8447,goat
8448,goat
8449,car
8450,car
8451,car
8452,car
8453,car
8454,car
8455,car
8456,goat
8457,goat
8458,goat
8459,car
8460,car
8461,goat
8462,goat
8463,goat
8464,car
8465,car
8466,goat
8467,car
8468,car
8469,car
8470,goat
8471,goat
8472,car
8473,goat
8474,goat
8475,car
8476,car
8477,car
8478,car
8479,car
8480,car
8481,car
8482,car
8483,car
8484,car
8485,car
8486,goat
8487,goat
8488,car
8489,car
8490,car
8491,car
8492,goat
8493,car
8494,goat
8495,car
8496,car
8497,car
8498,goat
8499,goat
8500,goat
8501,car
8502,car
8503,car
8504,goat
8505,car
8506,goat
8507,car
8508,car
8509,goat
8510,car
8511,car
8512,car
8513,car
8514,car
8515,car
8516,car
8517,car
8518,car
8519,goat
8520,car
8521,car
8522,car
8523,car
8524,car
8525,car
8526,goat
8527,goat
8528,goat
8529,car
8530,car
8531,car
8532,car
8533,car
8534,car
8535,car
8536,goat
8537,car
8538,car
8539,car
8540,car
8541,car
8542,car
8543,car
8544,car
8545,goat
8546,goat
8547,goat
8548,goat
8549,car
8550,car
8551,goat
8552,car
8553,car
8554,car
8555,car
8556,car
8557,car
8558,car
8559,goat
8560,car
8561,goat
8562,car
8563,goat
8564,car
8565,goat
8566,car
8567,car
8568,car
8569,car
8570,goat
8571,goat
8572,car
8573,car
8574,goat
8575,car
8576,car
8577,goat
8578,car
8579,car
8580,car
8581,car
8582,goat
8583,car
8584,goat
8585,goat
8586,goat
8587,car
8588,car
8589,car
8590,car
8591,goat
8592,car
8593,car
8594,car
8595,car
8596,car
8597,goat
8598,car
8599,goat
8600,goat
8601,goat
8602,car
8603,car
8604,car
8605,car
8606,goat
8607,goat
8608,car
8609,goat
8610,goat
8611,car
8612,car
8613,car
8614,car
8615,car
8616,goat
8617,goat
8618,car
8619,car
8620,car
8621,car
8622,car
8623,goat
8624,car
8625,goat
8626,car
8627,goat
8628,car
8629,car
8630,car
8631,goat
8632,goat
8633,car
8634,car
8635,car
8636,goat
8637,car
8638,goat
8639,car
8640,car
8641,car
8642,goat
8643,car
8644,car
8645,car
8646,goat
8647,goat
8648,goat
8649,goat
8650,goat
8651,goat
8652,car
8653,goat
8654,goat
8655,car
8656,car
8657,car
8658,goat
8659,car
8660,car
8661,goat
8662,car
8663,car
8664,car
8665,car
8666,car
8667,car
8668,goat
8669,goat
8670,car
8671,goat
8672,car
8673,car
8674,goat
8675,car
8676,goat
8677,goat
8678,car
8679,car
8680,car
8681,goat
8682,car
8683,car
8684,car
8685,goat
8686,car
8687,goat
8688,car
8689,goat
8690,goat
8691,car
8692,car
8693,car
8694,goat
8695,car
8696,goat
8697,car
8698,car
8699,car
8700,car
8701,car
8702,goat
8703,car
8704,goat
8705,car
8706,car
8707,car
8708,car
8709,goat
8710,goat
8711,car
8712,goat
8713,car
8714,car
8715,car
8716,goat
8717,car
8718,goat
8719,car
8720,car
8721,car
8722,car
8723,car
8724,goat
8725,car
8726,car
8727,car
8728,car
8729,goat
8730,car
8731,goat
8732,car
8733,car
8734,car
8735,car
8736,goat
8737,car
8738,goat
8739,car
8740,car
8741,car
8742,goat
8743,car
8744,car
8745,car
8746,car
8747,car
8748,car
8749,car
8750,goat
8751,car
8752,car
8753,goat
8754,goat
8755,car
8756,car
8757,car
8758,car
8759,car
8760,car
8761,goat
8762,goat
8763,car
8764,car
8765,car
8766,car
8767,car
8768,car
8769,goat
8770,car
8771,car
8772,car
8773,car
8774,goat
8775,car
8776,goat
8777,car
8778,car
8779,car
8780,car
8781,car
8782,car
8783,car
8784,car
8785,car
8786,car
8787,car
8788,car
8789,goat
8790,car
8791,goat
8792,car
8793,car
8794,goat
8795,car
8796,goat
8797,car
8798,car
8799,car
8800,car
8801,goat
8802,car
8803,car
8804,goat
8805,car
8806,car
8807,car
8808,goat
8809,car
8810,goat
8811,car
8812,goat
8813,car
8814,goat
8815,car
8816,car
8817,car
8818,goat
8819,car
8820,car
8821,goat
8822,goat
8823,goat
8824,car
8825,car
8826,goat
8827,car
8828,car
8829,goat
8830,car
8831,goat
8832,car
8833,car
8834,goat
8835,goat
8836,car
8837,car
8838,car
8839,car
8840,car
8841,car
8842,car
8843,car
8844,car
8845,car
8846,goat
8847,goat
8848,car
8849,car
8850,car
8851,car
8852,car
8853,car
8854,goat
8855,car
8856,goat
8857,car
8858,car
8859,car
8860,car
8861,car
8862,car
8863,goat
8864,car
8865,goat
8866,goat
8867,goat
8868,car
8869,car
8870,car
8871,car
8872,car
8873,car
8874,car
8875,car
8876,goat
8877,car
8878,car
8879,goat
8880,car
8881,car
8882,car
8883,car
8884,goat
8885,car
8886,car
8887,car
8888,car
8889,car
8890,car
8891,goat
8892,car
8893,car
8894,car
8895,car
8896,car
8897,car
8898,car
8899,goat
8900,car
8901,car
8902,car
8903,goat
8904,car
8905,car
8906,car
8907,car
8908,car
8909,car
8910,car
8911,car
8912,car
8913,car
8914,car
8915,car
8916,car
8917,car
8918,car
8919,goat
8920,goat
8921,car
8922,car
8923,goat
8924,goat
8925,car
8926,car
8927,car
8928,goat
8929,car
8930,goat
8931,goat
8932,car
8933,car
8934,car
8935,car
8936,car
8937,car
8938,car
8939,goat
8940,car
8941,goat
8942,car
8943,car
8944,goat
8945,car
8946,goat
8947,goat
8948,goat
8949,car
8950,car
8951,car
8952,car
8953,car
8954,goat
8955,car
8956,car
8957,car
8958,car
8959,car
8960,car
8961,car
8962,car
8963,goat
8964,car
8965,car
8966,goat
8967,car
8968,car
8969,goat
8970,car
8971,goat
8972,car
8973,car
8974,goat
8975,car
8976,car
8977,car
8978,car
8979,car
8980,goat
8981,goat
8982,goat
8983,car
8984,goat
8985,car
8986,goat
8987,car
8988,car
8989,goat
8990,car
8991,goat
8992,car
8993,car
8994,car
8995,goat
8996,car
8997,car
8998,car
8999,car
9000,car
9001,goat
9002,car
9003,goat
9004,car
9005,car
9006,car
9007,car
9008,goat
9009,goat
9010,goat
9011,goat
9012,car
9013,goat
9014,car
9015,car
9016,car
9017,car
9018,car
9019,goat
9020,car
9021,goat
9022,car
9023,car
9024,goat
9025,car
9026,goat
9027,car
9028,car
9029,car
9030,goat
9031,car
9032,car
9033,goat
9034,car
9035,car
9036,car
9037,car
9038,goat
9039,car
9040,car
9041,car
9042,car
9043,car
9044,car
9045,goat
9046,car
9047,car
9048,goat
9049,car
9050,car
9051,car
9052,car
9053,car
9054,goat
9055,goat
9056,car
9057,car
9058,car
9059,goat
9060,car
9061,goat
9062,car
9063,car
9064,goat
9065,car
9066,car
9067,car
9068,goat
9069,car
9070,goat
9071,goat
9072,goat
9073,car
9074,goat
9075,goat
9076,goat
9077,car
9078,car
9079,goat
9080,goat
9081,car
9082,car
9083,goat
9084,car
9085,car
9086,goat
9087,car
9088,goat
9089,goat
9090,car
9091,car
9092,car
9093,car
9094,car
9095,goat
9096,car
9097,car
9098,car
9099,car
9100,goat
9101,goat
9102,car
9103,car
9104,car
9105,car
9106,car
9107,goat
9108,car
9109,car
9110,car
9111,car
9112,car
9113,car
9114,car
9115,car
9116,car
9117,car
9118,car
9119,car
9120,car
9121,car
9122,car
9123,car
9124,car
9125,goat
9126,car
9127,car
9128,car
9129,car
9130,goat
9131,goat
9132,car
9133,car
9134,goat
9135,car
9136,car
9137,car
9138,car
9139,car
9140,car
9141,car
9142,car
9143,car
9144,car
9145,car
9146,goat
9147,car
9148,car
9149,car
9150,car
9151,car
9152,car
9153,car
9154,car
9155,goat
9156,goat
9157,goat
9158,car
9159,goat
9160,car
9161,car
9162,goat
9163,car
9164,car
9165,goat
9166,goat
9167,car
9168,car
9169,goat
9170,car
9171,car
9172,goat
9173,car
9174,car
9175,car
9176,car
9177,goat
9178,car
9179,car
9180,goat
9181,car
9182,car
9183,car
9184,goat
9185,car
9186,car
9187,car
9188,car
9189,car
9190,goat
9191,car
9192,car
9193,goat
9194,goat
9195,car
9196,goat
9197,goat
9198,goat
9199,car
9200,goat
9201,car
9202,car
9203,car
9204,car
9205,goat
9206,car
9207,goat
9208,car
9209,goat
9210,goat
9211,car
9212,car
9213,car
9214,car
9215,goat
9216,car
9217,car
9218,goat
9219,goat
9220,car
9221,goat
9222,car
9223,goat
9224,car
9225,goat
9226,car
9227,car
9228,car
9229,car
9230,goat
9231,goat
9232,goat
9233,car
9234,goat
9235,car
9236,goat
9237,car
9238,car
9239,car
9240,goat
9241,car
9242,goat
9243,goat
9244,car
9245,car
9246,car
9247,goat
9248,car
9249,car
9250,car
9251,car
9252,goat
9253,goat
9254,goat
9255,goat
9256,goat
9257,car
9258,car
9259,car
9260,car
9261,car
9262,goat
9263,goat
9264,goat
9265,goat
9266,car
9267,car
9268,car
9269,car
9270,car
9271,car
9272,car
9273,goat
9274,car
9275,car
9276,car
9277,car
9278,car
9279,goat
9280,car
9281,car
9282,car
9283,goat
9284,goat
9285,car
9286,car
9287,car
9288,goat
9289,goat
9290,car
9291,car
9292,car
9293,car
9294,goat
9295,car
9296,car
9297,goat
9298,goat
9299,car
9300,goat
9301,car
9302,car
9303,car
9304,goat
9305,car
9306,car
9307,car
9308,goat
9309,car
9310,car
9311,goat
9312,car
9313,car
9314,goat
9315,goat
9316,car
9317,car
9318,goat
9319,car
9320,car
9321,car
9322,car
9323,goat
9324,car
9325,car
9326,goat
9327,car
9328,car
9329,goat
9330,car
9331,car
9332,goat
9333,goat
9334,car
9335,car
9336,goat
9337,goat
9338,car
9339,goat
9340,goat
9341,car
9342,car
9343,car
9344,car
9345,goat
9346,car
9347,car
9348,goat
9349,car
9350,goat
9351,car
9352,car
9353,goat
9354,car
9355,goat
9356,car
9357,car
9358,car
9359,car
9360,goat
9361,car
9362,goat
9363,goat
9364,goat
9365,car
9366,car
9367,car
9368,goat
9369,car
9370,car
9371,car
9372,goat
9373,car
9374,car
9375,car
9376,goat
9377,goat
9378,car
9379,car
9380,car
9381,car
9382,goat
9383,car
9384,car
9385,goat
9386,goat
9387,goat
9388,car
9389,car
9390,car
9391,goat
9392,car
9393,car
9394,car
9395,goat
9396,car
9397,car
9398,goat
9399,car
9400,car
9401,car
9402,car
9403,car
9404,car
9405,car
9406,car
9407,car
9408,car
9409,car
9410,car
9411,car
9412,car
9413,goat
9414,car
9415,goat
9416,car
9417,car
9418,car
9419,car
9420,goat
9421,car
9422,goat
9423,car
9424,goat
9425,car
9426,car
9427,goat
9428,goat
9429,car
9430,car
9431,goat
9432,car
9433,goat
9434,goat
9435,car
9436,car
9437,goat
9438,car
9439,car
9440,goat
9441,car
9442,car
9443,car
9444,car
9445,car
9446,car
9447,goat
9448,goat
9449,car
9450,car
9451,car
9452,car
9453,car
9454,car
9455,car
9456,goat
9457,car
9458,car
9459,goat
9460,goat
9461,car
9462,goat
9463,car
9464,car
9465,goat
9466,car
9467,goat
9468,car
9469,goat
9470,car
9471,car
9472,car
9473,car
9474,car
9475,goat
9476,goat
9477,car
9478,goat
9479,car
9480,goat
9481,goat
9482,car
9483,car
9484,car
9485,car
9486,car
9487,car
9488,goat
9489,car
9490,car
9491,car
9492,car
9493,goat
9494,car
9495,goat
9496,goat
9497,car
9498,car
9499,car
9500,goat
9501,car
9502,car
9503,goat
9504,goat
9505,car
9506,car
9507,car
9508,car
9509,car
9510,goat
9511,goat
9512,car
9513,car
9514,car
9515,car
9516,car
9517,car
9518,goat
9519,goat
9520,car
9521,car
9522,car
9523,car
9524,car
9525,goat
9526,car
9527,car
9528,car
9529,car
9530,car
9531,car
9532,car
9533,goat
9534,goat
9535,goat
9536,car
9537,car
9538,goat
9539,car
9540,goat
9541,car
9542,car
9543,car
9544,car
9545,car
9546,goat
9547,car
9548,car
9549,car
9550,goat
9551,car
9552,goat
9553,car
9554,car
9555,car
9556,car
9557,car
9558,car
9559,car
9560,goat
9561,car
9562,goat
9563,car
9564,goat
9565,car
9566,car
9567,car
9568,car
9569,goat
9570,goat
9571,car
9572,car
9573,goat
9574,car
9575,car
9576,goat
9577,goat
9578,car
9579,car
9580,car
9581,car
9582,car
9583,car
9584,goat
9585,car
9586,car
9587,car
9588,goat
9589,car
9590,car
9591,car
9592,goat
9593,car
9594,car
9595,car
9596,car
9597,car
9598,goat
9599,car
9600,car
9601,car
9602,car
9603,goat
9604,car
9605,car
9606,car
9607,goat
9608,goat
9609,car
9610,goat
9611,car
9612,goat
9613,car
9614,goat
9615,car
9616,car
9617,goat
9618,car
9619,goat
9620,car
9621,car
9622,goat
9623,car
9624,car
9625,car
9626,car
9627,car
9628,car
9629,car
9630,goat
9631,goat
9632,car
9633,car
9634,car
9635,car
9636,car
9637,car
9638,car
9639,car
9640,car
9641,goat
9642,car
9643,goat
9644,car
9645,car
9646,car
9647,car
9648,car
9649,car
9650,goat
9651,car
9652,goat
9653,goat
9654,car
9655,car
9656,car
9657,car
9658,car
9659,car
9660,car
9661,car
9662,car
9663,car
9664,goat
9665,goat
9666,goat
9667,car
9668,goat
9669,goat
9670,car
9671,goat
9672,car
9673,goat
9674,goat
9675,car
9676,car
9677,car
9678,goat
9679,goat
9680,car
9681,car
9682,car
9683,car
9684,goat
9685,car
9686,goat
9687,car
9688,car
9689,car
9690,car
9691,goat
9692,goat
9693,car
9694,car
9695,car
9696,car
9697,goat
9698,car
9699,goat
9700,goat
9701,goat
9702,car
9703,car
9704,car
9705,car
9706,car
9707,car
9708,car
9709,car
9710,goat
9711,car
9712,car
9713,car
9714,car
9715,goat
9716,car
9717,car
9718,car
9719,car
9720,car
9721,car
9722,car
9723,goat
9724,goat
9725,car
9726,car
9727,car
9728,car
9729,car
9730,goat
9731,car
9732,car
9733,goat
9734,car
9735,goat
9736,car
9737,car
9738,car
9739,car
9740,car
9741,car
9742,car
9743,car
9744,car
9745,goat
9746,goat
9747,car
9748,car
9749,car
9750,car
9751,car
9752,car
9753,goat
9754,car
9755,car
9756,goat
9757,car
9758,car
9759,car
9760,goat
9761,goat
9762,goat
9763,car
9764,goat
9765,car
9766,goat
9767,car
9768,car
9769,car
9770,goat
9771,car
9772,goat
9773,car
9774,car
9775,goat
9776,car
9777,goat
9778,car
9779,car
9780,car
9781,goat
9782,car
9783,car
9784,goat
9785,car
9786,car
9787,car
9788,car
9789,car
9790,car
9791,goat
9792,goat
9793,goat
9794,car
9795,goat
9796,goat
9797,car
9798,car
9799,car
9800,goat
9801,goat
9802,car
9803,car
9804,goat
9805,car
9806,car
9807,car
9808,car
9809,car
9810,car
9811,car
9812,car
9813,goat
9814,goat
9815,car
9816,car
9817,car
9818,goat
9819,car
9820,goat
9821,goat
9822,car
9823,car
9824,car
9825,car
9826,goat
9827,car
9828,goat
9829,car
9830,car
9831,car
9832,car
9833,car
9834,car
9835,goat
9836,car
9837,car
9838,car
9839,car
9840,car
9841,car
9842,goat
9843,car
9844,goat
9845,car
9846,goat
9847,car
9848,goat
9849,car
9850,goat
9851,goat
9852,car
9853,car
9854,goat
9855,car
9856,car
9857,car
9858,goat
9859,car
9860,car
9861,car
9862,car
9863,car
9864,goat
9865,car
9866,car
9867,car
9868,goat
9869,car
9870,car
9871,goat
9872,car
9873,car
9874,car
9875,car
9876,goat
9877,goat
9878,goat
9879,car
9880,goat
9881,goat
9882,car
9883,goat
9884,car
9885,car
9886,car
9887,goat
9888,goat
9889,car
9890,goat
9891,car
9892,car
9893,goat
9894,goat
9895,goat
9896,car
9897,car
9898,goat
9899,car
9900,car
9901,car
9902,goat
9903,car
9904,car
9905,goat
9906,car
9907,car
9908,car
9909,car
9910,goat
9911,goat
9912,car
9913,car
9914,car
9915,car
9916,goat
9917,car
9918,car
9919,goat
9920,car
9921,goat
9922,goat
9923,goat
9924,car
9925,car
9926,car
9927,car
9928,car
9929,goat
9930,car
9931,goat
9932,car
9933,car
9934,car
9935,car
9936,goat
9937,car
9938,goat
9939,goat
9940,goat
9941,goat
9942,goat
9943,goat
9944,car
9945,car
9946,car
9947,goat
9948,goat
9949,car
9950,car
9951,car
9952,car
9953,goat
9954,car
9955,goat
9956,car
9957,car
9958,car
9959,car
9960,goat
9961,goat
9962,goat
9963,goat
9964,goat
9965,car
9966,car
9967,goat
9968,car
9969,goat
9970,car
9971,car
9972,car
9973,car
9974,car
9975,goat
9976,car
9977,goat
9978,goat
9979,car
9980,car
9981,car
9982,goat
9983,car
9984,car
9985,car
9986,goat
9987,goat
9988,car
9989,car
9990,car
9991,goat
9992,car
9993,car
9994,goat
9995,goat
9996,goat
9997,car
9998,goat
9999,car
